29/04/2021,"28,800","1,319,700","39,860","1,750","28,800","30,800","30,800","28,800","2,000",6.94,"1,034,700","31,652","285,000","8,208"
28/04/2021,"28,700","138,400","3,993","1,637","28,700","28,800","29,100","28,700",100,0.35,"138,400","3,993",-,
27/04/2021,"28,550","174,400","5,053","1,631","28,500","28,700","29,250","28,400",150,0.53,"174,400","5,053",-,
26/04/2021,"28,800","166,800","4,803","1,623","29,250","28,550","29,250","28,450",-250,-0.87,"166,800","4,803",-,
23/04/2021,"28,250","125,800","3,562","1,637","28,050","28,800","28,800","28,050",550,1.95,"125,800","3,562",-,
22/04/2021,"28,500","173,800","4,896","1,606","28,050","28,250","28,400","28,000",-250,-0.88,"173,800","4,896",-,
20/04/2021,"28,200","156,600","4,414","1,620","28,100","28,500","28,500","27,800",300,1.06,"156,600","4,414",-,
19/04/2021,"28,100","145,500","4,079","1,603","28,400","28,200","28,400","27,900",100,0.36,"145,500","4,079",-,
16/04/2021,"28,400","126,400","3,541","1,597","28,500","28,100","28,500","27,600",-300,-1.06,"126,400","3,541",-,
15/04/2021,"28,800","27,300",778,"1,614","28,800","28,400","28,800","28,300",-400,-1.39,"27,300",778,-,
14/04/2021,"28,600","84,300","2,404","1,637","28,600","28,800","28,800","28,300",200,0.7,"84,300","2,404",-,
13/04/2021,"29,000","139,400","4,018","1,625","29,100","28,600","29,300","28,600",-400,-1.38,"139,400","4,018",-,
12/04/2021,"28,600","118,500","3,424","1,648","28,600","29,000","29,200","28,600",400,1.4,"118,500","3,424",-,
09/04/2021,"29,200","179,000","5,190","1,625","29,200","28,600","29,200","28,600",-600,-2.05,"179,000","5,190",-,
08/04/2021,"28,500","340,100","9,924","1,660","28,900","29,200","29,500","28,500",700,2.46,"340,100","9,924",-,
07/04/2021,"28,500","102,300","2,880","1,620","28,150","28,500","28,500","28,000",,,"102,300","2,880",-,
06/04/2021,"28,500","110,800","3,129","1,620","28,250","28,500","28,500","28,000",,,"110,800","3,129",-,
05/04/2021,"28,800","106,300","3,017","1,620","28,500","28,500","28,600","28,100",-300,-1.04,"106,300","3,017",-,
02/04/2021,"29,000","183,600","5,178","1,637","28,200","28,800","28,800","27,900",-200,-0.69,"183,600","5,178",-,
01/04/2021,"29,000","23,900",688,"1,648","28,800","29,000","29,000","28,500",,,"23,900",688,-,
31/03/2021,"29,000","77,300","2,245","1,648","29,050","29,000","29,300","28,800",,,"77,300","2,245",-,
30/03/2021,"28,300","520,500","15,138","1,648","28,600","29,000","29,950","28,300",700,2.47,"520,500","15,138",-,
29/03/2021,"28,500","108,100","3,058","1,608","28,400","28,300","28,600","27,800",-200,-0.7,"108,100","3,058",-,
26/03/2021,"27,900","123,400","3,353","1,620","27,500","28,500","28,500","26,100",600,2.15,"123,400","3,353",-,
25/03/2021,"28,000","125,900","3,479","1,586","27,550","27,900","27,950","27,450",-100,-0.36,"125,900","3,479",-,
24/03/2021,"28,800","139,300","3,947","1,591","28,800","28,000","28,800","27,800",-800,-2.78,"139,300","3,947",-,
23/03/2021,"29,200","127,300","3,665","1,637","29,000","28,800","29,100","28,600",-400,-1.37,"127,300","3,665",-,
22/03/2021,"29,200","134,300","3,906","1,660","29,200","29,200","29,400","28,900",,,"134,300","3,906",-,
19/03/2021,"29,000","131,100","3,815","1,660","29,000","29,200","29,300","28,800",200,0.69,"131,100","3,815",-,
18/03/2021,"29,000","177,600","5,165","1,648","29,250","29,000","29,400","28,700",,,"177,600","5,165",-,
17/03/2021,"29,300","161,800","4,691","1,648","29,200","29,000","29,300","28,800",-300,-1.02,"161,800","4,691",-,
16/03/2021,"29,350","126,000","3,671","1,665","29,300","29,300","29,900","28,700",-50,-0.17,"126,000","3,671",-,
15/03/2021,"27,900","530,900","15,269","1,668","27,300","29,350","29,450","27,300","1,450",5.2,"530,900","15,269",-,
12/03/2021,"28,000","52,100","1,445","1,586","27,600","27,900","27,900","27,600",-100,-0.36,"52,100","1,445",-,
11/03/2021,"28,000","51,500","1,432","1,591","27,700","28,000","28,000","27,650",,,"51,500","1,432",-,
10/03/2021,"28,400","51,700","1,449","1,591","28,000","28,000","28,300","27,900",-400,-1.41,"51,700","1,449",-,
09/03/2021,"28,500","67,200","1,888","1,614","28,500","28,400","28,550","28,000",-100,-0.35,"67,200","1,888",-,
08/03/2021,"29,000","134,100","3,818","1,620","29,000","28,500","29,000","27,750",-500,-1.72,"134,100","3,818",-,
05/03/2021,"28,000","199,300","5,528","1,648","28,000","29,000","29,000","27,600","1,000",3.57,"199,300","5,528",-,
04/03/2021,"28,700","104,400","2,923","1,591","28,100","28,000","28,300","27,500",-700,-2.44,"104,400","2,923",-,
03/03/2021,"27,900","102,400","2,878","1,631","27,500","28,700","29,000","27,500",800,2.87,"102,400","2,878",-,
02/03/2021,"27,900","56,300","1,563","1,586","27,700","27,900","27,900","27,500",,,"56,300","1,563",-,
01/03/2021,"27,900","85,800","2,387","1,586","27,900","27,900","27,950","27,500",,,"85,800","2,387",-,
26/02/2021,"27,900","88,000","2,420","1,586","27,600","27,900","27,900","27,300",,,"88,000","2,420",-,
25/02/2021,"28,000","283,900","7,931","1,586","28,300","27,900","28,300","27,600",-100,-0.36,"283,900","7,931",-,
24/02/2021,"28,450","93,000","2,597","1,591","28,450","28,000","28,450","27,350",-450,-1.58,"93,000","2,597",-,
23/02/2021,"28,500","113,600","3,236","1,617","28,500","28,450","28,800","28,000",-50,-0.18,"113,600","3,236",-,
22/02/2021,"28,500","90,900","2,598","1,620","28,500","28,500","28,850","28,200",,,"90,900","2,598",-,
19/02/2021,"28,850","134,200","3,877","1,620","28,600","28,500","29,200","28,400",-350,-1.21,"134,200","3,877",-,
18/02/2021,"27,600","195,100","5,498","1,640","27,600","28,850","29,000","27,600","1,250",4.53,"195,100","5,498",-,
17/02/2021,"27,450","101,700","2,802","1,569","27,800","27,600","28,000","27,000",150,0.55,"101,700","2,802",-,
09/02/2021,"26,900","129,500","3,481","1,560","26,850","27,450","27,950","26,500",550,2.04,"129,500","3,481",-,
08/02/2021,"26,500","1,505,600","38,893","1,529","27,100","26,900","27,100","25,400",400,1.51,"1,505,600","38,893",-,
05/02/2021,"27,500","589,500","15,419","1,506","27,900","26,500","27,900","25,700","-1,000",-3.64,"589,500","15,419",-,
04/02/2021,"28,000","139,800","3,889","1,563","28,000","27,500","28,500","27,400",-500,-1.79,"139,800","3,889",-,
03/02/2021,"26,400","115,900","3,147","1,591","26,700","28,000","28,000","26,400","1,600",6.06,"115,900","3,147",-,
02/02/2021,"26,000","142,000","3,640","1,500","25,600","26,400","26,400","25,100",400,1.54,"142,000","3,640",-,
01/02/2021,"27,000","138,300","3,622","1,478","27,500","26,000","27,500","25,600","-1,000",-3.7,"138,300","3,622",-,
29/01/2021,"25,800","183,000","4,756","1,534","24,550","27,000","27,050","24,550","1,200",4.65,"183,000","4,756",-,
28/01/2021,"27,700","572,100","14,856","1,466","26,100","25,800","27,050","25,800","-1,900",-6.86,"572,100","14,856",-,
27/01/2021,"27,700","601,600","16,604","1,574","26,600","27,700","27,950","26,600",,,"601,600","16,604",-,
26/01/2021,"28,150","621,600","17,002","1,574","26,250","27,700","28,000","26,250",-450,-1.6,"621,600","17,002",-,
25/01/2021,"30,250","769,000","21,652","1,600","28,150","28,150","28,800","28,150","-2,100",-6.94,"769,000","21,652",-,
22/01/2021,"32,500","894,600","27,503","1,719","31,900","30,250","32,200","30,250","-2,250",-6.92,"894,600","27,503",-,
21/01/2021,"32,800","336,100","10,888","1,847","32,800","32,500","33,000","31,050",-300,-0.91,"336,100","10,888",-,
20/01/2021,"33,000","391,100","12,354","1,864","33,000","32,800","33,000","30,700",-200,-0.61,"391,100","12,354",-,
19/01/2021,"32,400","437,700","14,093","1,875","32,400","33,000","34,650","30,150",600,1.85,"437,700","14,093",-,
18/01/2021,"30,300","455,000","14,481","1,841","30,300","32,400","32,400","30,100","2,100",6.93,"425,000","13,635","30,000",846
15/01/2021,"28,750","908,600","26,174","1,722","28,900","30,300","30,550","28,900","1,550",5.39,"574,600","17,156","334,000","9,018"
14/01/2021,"28,800","180,100","5,155","1,634","28,500","28,750","28,800","28,000",-50,-0.17,"180,100","5,155",-,
13/01/2021,"29,000","262,000","7,542","1,637","29,000","28,800","29,000","28,400",-200,-0.69,"262,000","7,542",-,
12/01/2021,"27,250","969,500","26,242","1,648","28,000","29,000","29,000","27,850","1,750",6.42,"569,500","16,082","400,000","10,160"
11/01/2021,"25,500","627,000","16,846","1,549","25,500","27,250","27,250","25,500","1,750",6.86,"627,000","16,846",-,
08/01/2021,"25,300","950,800","24,991","1,449","25,300","25,500","27,050","25,300",200,0.79,"950,800","24,991",-,
07/01/2021,"24,900","199,100","4,935","1,438","24,800","25,300","25,300","24,400",400,1.61,"199,100","4,935",-,
06/01/2021,"25,500","314,100","7,881","1,415","25,500","24,900","25,500","24,800",-600,-2.35,"314,100","7,881",-,
05/01/2021,"25,500","326,500","8,265","1,449","25,400","25,500","25,600","25,000",,,"326,500","8,265",-,
04/01/2021,"25,200","319,500","8,153","1,449","25,600","25,500","25,900","25,000",300,1.19,"319,500","8,153",-,
31/12/2020,"25,500","378,310","9,282","1,432","25,500","25,200","25,500","24,100",-300,-1.18,"378,310","9,282",-,
30/12/2020,"25,600","152,360","3,836","1,449","25,250","25,500","25,500","24,900",-100,-0.39,"152,360","3,836",-,
29/12/2020,"25,600","188,250","4,805","1,455","25,300","25,600","25,800","25,300",,,"188,250","4,805",-,
28/12/2020,"25,400","302,230","7,685","1,455","25,700","25,600","25,900","25,250",200,0.79,"302,230","7,685",-,
25/12/2020,"25,000","217,270","5,376","1,444","24,900","25,400","25,800","24,000",400,1.6,"217,270","5,376",-,
24/12/2020,"26,000","303,230","7,438","1,421","25,300","25,000","25,600","24,200","-1,000",-3.85,"303,230","7,438",-,
23/12/2020,"26,000","203,460","5,223","1,478","26,000","26,000","26,000","25,350",,,"203,460","5,223",-,
22/12/2020,"24,500","327,440","8,458","1,478","25,900","26,000","26,100","25,600","1,500",6.12,"327,440","8,458",-,
21/12/2020,"22,900","430,090","10,533","1,392","24,500","24,500","24,500","24,000","1,600",6.99,"430,090","10,533",-,
18/12/2020,"21,650","323,110","7,317","1,301","21,650","22,900","23,100","21,650","1,250",5.77,"323,110","7,317",-,
17/12/2020,"21,650","140,320","3,018","1,230","21,650","21,650","21,700","21,000",,,"140,320","3,018",-,
16/12/2020,"21,900","75,280","1,644","1,230","21,900","21,650","22,100","21,600",-250,-1.14,"75,280","1,644",-,
15/12/2020,"21,400","181,690","3,997","1,245","22,500","21,900","22,500","21,450",500,2.34,"181,690","3,997",-,
14/12/2020,"20,000","517,130","10,876","1,216","19,800","21,400","21,400","19,800","1,400",7,"517,130","10,876",-,
11/12/2020,"19,650","37,560",743,"1,137","19,650","20,000","20,000","19,500",350,1.78,"37,560",743,-,
10/12/2020,"20,000","58,180","1,148","1,117","19,800","19,650","20,000","19,600",-350,-1.75,"58,180","1,148",-,
09/12/2020,"20,300","66,580","1,344","1,137","20,400","20,000","20,500","19,800",-300,-1.48,"66,580","1,344",-,
08/12/2020,"20,050","137,920","2,798","1,154","20,050","20,300","20,650","20,050",250,1.25,"137,920","2,798",-,
07/12/2020,"19,100","135,660","2,655","1,139","19,050","20,050","20,100","18,800",950,4.97,"135,660","2,655",-,
04/12/2020,"19,100","48,210",916,"1,086","19,000","19,100","19,150","18,850",,,"48,210",916,-,
03/12/2020,"19,100","35,100",670,"1,086","19,100","19,100","19,200","18,900",,,"35,100",670,-,
02/12/2020,"19,000","59,670","1,132","1,086","18,900","19,100","19,100","18,600",100,0.53,"59,670","1,132",-,
01/12/2020,"19,000","236,120","4,441","1,080","18,550","19,000","19,100","18,550",,,"236,120","4,441",-,
30/11/2020,"19,200","41,660",789,"1,080","19,200","19,000","19,200","18,700",-200,-1.04,"41,660",789,-,
27/11/2020,"19,150","21,410",409,"1,091","19,150","19,200","19,200","18,800",50,0.26,"21,410",409,-,
26/11/2020,"18,950","56,230","1,061","1,088","18,750","19,150","19,150","18,600",200,1.06,"56,230","1,061",-,
25/11/2020,"18,500","54,120","1,010","1,077","18,500","18,950","18,950","18,400",450,2.43,"54,120","1,010",-,
24/11/2020,"18,600","44,050",815,"1,051","18,600","18,500","18,700","18,300",-100,-0.54,"44,050",815,-,
23/11/2020,"18,800","28,140",525,"1,057","18,800","18,600","18,800","18,500",-200,-1.06,"28,140",525,-,
20/11/2020,"18,400","41,580",765,"1,068","18,350","18,800","18,800","18,200",400,2.17,"41,580",765,-,
19/11/2020,"18,350","31,100",569,"1,046","18,250","18,400","18,400","18,200",50,0.27,"31,100",569,-,
18/11/2020,"18,400","12,460",229,"1,043","18,200","18,350","18,500","18,200",-50,-0.27,"12,460",229,-,
17/11/2020,"18,300","46,790",857,"1,046","18,250","18,400","18,500","18,000",100,0.55,"46,790",857,-,
16/11/2020,"18,400","28,100",517,"1,040","18,500","18,300","18,500","18,300",-100,-0.54,"28,100",517,-,
13/11/2020,"18,400","26,100",480,"1,046","18,400","18,400","18,500","18,350",,,"26,100",480,-,
12/11/2020,"18,400","21,390",393,"1,046","18,500","18,400","18,500","18,300",,,"21,390",393,-,
11/11/2020,"18,350","44,850",823,"1,046","18,450","18,400","18,600","18,250",50,0.27,"44,850",823,-,
10/11/2020,"18,750","62,750","1,154","1,043","18,400","18,350","18,800","18,200",-400,-2.13,"62,750","1,154",-,
09/11/2020,"18,200","5,440",102,"1,066","18,800","18,750","18,800","18,300",550,3.02,"5,440",102,-,
06/11/2020,"18,500","20,520",381,"1,034","18,850","18,200","18,850","18,200",-300,-1.62,"20,520",381,-,
05/11/2020,"18,950","209,390","3,800","1,051","17,850","18,500","18,950","17,850",-450,-2.37,"209,390","3,800",-,
04/11/2020,"18,900","21,260",400,"1,077","18,900","18,950","18,950","18,700",50,0.26,"21,260",400,-,
03/11/2020,"18,950","19,640",373,"1,074","18,900","18,900","19,000","18,600",-50,-0.26,"19,640",373,-,
02/11/2020,"18,700","7,560",143,"1,077","19,100","18,950","19,100","18,800",250,1.34,"7,560",143,-,
30/10/2020,"19,000","17,790",336,"1,063","19,000","18,700","19,000","18,500",-300,-1.58,"17,790",336,-,
29/10/2020,"18,000","42,470",791,"1,080","18,000","19,000","19,000","18,000","1,000",5.56,"42,470",791,-,
28/10/2020,"18,400","50,970",924,"1,023","18,400","18,000","18,400","18,000",-400,-2.17,"50,970",924,-,
27/10/2020,"18,650","49,130",912,"1,046","18,650","18,400","18,650","18,400",-250,-1.34,"49,130",912,-,
26/10/2020,"18,700","40,220",750,"1,060","18,700","18,650","18,900","18,500",-50,-0.27,"40,220",750,-,
23/10/2020,"18,800","37,760",703,"1,063","18,750","18,700","18,800","18,400",-100,-0.53,"37,760",703,-,
22/10/2020,"18,600","26,520",499,"1,068","18,900","18,800","19,000","18,600",200,1.08,"26,520",499,-,
21/10/2020,"19,000","38,890",735,"1,057","19,000","18,600","19,100","18,600",-400,-2.11,"38,890",735,-,
20/10/2020,"19,150","37,930",724,"1,080","19,150","19,000","19,200","19,000",-150,-0.78,"37,930",724,-,
19/10/2020,"19,100","16,170",309,"1,088","19,150","19,150","19,150","19,050",50,0.26,"16,170",309,-,
16/10/2020,"19,200","28,470",544,"1,086","19,200","19,100","19,200","19,050",-100,-0.52,"28,470",544,-,
15/10/2020,"19,150","52,610","1,008","1,091","19,250","19,200","19,300","18,900",50,0.26,"52,610","1,008",-,
14/10/2020,"19,250","52,270","1,004","1,088","19,350","19,150","19,350","19,150",-100,-0.52,"52,270","1,004",-,
13/10/2020,"19,300","39,860",766,"1,094","19,250","19,250","19,300","19,200",-50,-0.26,"39,860",766,-,
12/10/2020,"19,300","78,080","1,507","1,097","19,300","19,300","19,400","19,200",,,"78,080","1,507",-,
09/10/2020,"19,300","68,870","1,330","1,097","19,250","19,300","19,350","19,250",,,"68,870","1,330",-,
08/10/2020,"19,300","47,930",927,"1,097","19,300","19,300","19,500","19,250",,,"47,930",927,-,
07/10/2020,"19,300","99,780","1,927","1,097","19,300","19,300","19,500","19,250",,,"99,780","1,927",-,
06/10/2020,"19,350","44,650",864,"1,097","19,500","19,300","19,700","19,250",-50,-0.26,"44,650",864,-,
05/10/2020,"19,400","77,260","1,488","1,100","19,350","19,350","19,400","19,150",-50,-0.26,"77,260","1,488",-,
02/10/2020,"19,400","58,870","1,141","1,103","19,500","19,400","19,500","19,300",,,"58,870","1,141",-,
01/10/2020,"19,400","30,730",597,"1,103","19,500","19,400","19,600","19,400",,,"30,730",597,-,
30/09/2020,"19,400","37,540",727,"1,103","19,350","19,400","20,200","19,200",,,"37,540",727,-,
29/09/2020,"19,500","71,090","1,382","1,103","19,700","19,400","19,700","19,350",-100,-0.51,"71,090","1,382",-,
28/09/2020,"19,700","78,410","1,535","1,108","19,700","19,500","19,700","19,500",-200,-1.02,"78,410","1,535",-,
25/09/2020,"19,700","48,510",952,"1,120","19,700","19,700","19,700","19,550",,,"48,510",952,-,
24/09/2020,"19,800","75,200","1,483","1,120","19,800","19,700","19,900","19,600",-100,-0.51,"75,200","1,483",-,
23/09/2020,"20,000","87,190","1,735","1,125","20,000","19,800","20,100","19,800",-200,-1,"87,190","1,735",-,
22/09/2020,"20,400","28,410",571,"1,137","20,000","20,000","20,300","20,000",-400,-1.96,"28,410",571,-,
21/09/2020,"20,800","120,260","2,482","1,159","21,000","20,400","21,000","20,400",-400,-1.92,"120,260","2,482",-,
18/09/2020,"19,900","174,660","3,587","1,182","19,800","20,800","20,800","19,800",900,4.52,"174,660","3,587",-,
17/09/2020,"19,900","97,150","1,906","1,131","19,900","19,900","19,900","19,400",,,"97,150","1,906",-,
16/09/2020,"19,950","24,990",496,"1,131","19,950","19,900","19,950","19,800",-50,-0.25,"24,990",496,-,
15/09/2020,"20,000","16,670",333,"1,134","20,000","19,950","20,100","19,850",-50,-0.25,"16,670",333,-,
14/09/2020,"20,000","39,770",795,"1,137","20,000","20,000","20,150","19,800",,,"39,770",795,-,
11/09/2020,"20,050","24,770",491,"1,137","20,000","20,000","20,050","19,700",-50,-0.25,"24,770",491,-,
10/09/2020,"20,000","18,020",361,"1,139","20,100","20,050","20,200","19,900",50,0.25,"18,020",361,-,
09/09/2020,"20,000","48,770",975,"1,137","19,600","20,000","20,200","19,600",,,"48,770",975,-,
08/09/2020,"20,100","41,720",832,"1,137","20,100","20,000","20,100","19,750",-100,-0.5,"41,720",832,-,
07/09/2020,"19,700","41,600",825,"1,142","19,700","20,100","20,100","19,700",400,2.03,"41,600",825,-,
04/09/2020,"20,200","82,840","1,644","1,120","19,800","19,700","20,150","19,600",-500,-2.48,"82,840","1,644",-,
03/09/2020,"20,300","63,870","1,288","1,148","20,300","20,200","20,500","20,100",-100,-0.49,"63,870","1,288",-,
01/09/2020,"20,500","55,280","1,116","1,154","20,100","20,300","20,450","20,100",-200,-0.98,"55,280","1,116",-,
31/08/2020,"20,500","242,920","4,976","1,165","20,400","20,500","20,550","20,350",,,"242,920","4,976",-,
28/08/2020,"20,450","49,980","1,030","1,165","20,650","20,500","20,850","20,500",50,0.24,"49,980","1,030",-,
27/08/2020,"20,550","39,080",801,"1,162","20,350","20,450","20,700","20,350",-100,-0.49,"39,080",801,-,
26/08/2020,"21,000","37,550",770,"1,168","20,100","20,550","21,000","20,000",-450,-2.14,"37,550",770,-,
25/08/2020,"20,950","41,870",876,"1,193","20,950","21,000","21,050","20,800",50,0.24,"41,870",876,-,
24/08/2020,"20,800","107,580","2,267","1,191","21,400","20,950","21,500","20,800",150,0.72,"107,580","2,267",-,
21/08/2020,"20,950","74,750","1,555","1,182","20,400","20,800","21,600","20,400",-150,-0.72,"74,750","1,555",-,
20/08/2020,"21,150","62,300","1,300","1,191","21,150","20,950","21,450","20,500",-200,-0.95,"62,300","1,300",-,
19/08/2020,"21,650","85,480","1,822","1,202","21,650","21,150","22,000","21,000",-500,-2.31,"85,480","1,822",-,
18/08/2020,"20,650","201,270","4,396","1,230","21,300","21,650","22,050","21,300","1,000",4.84,"201,270","4,396",-,
17/08/2020,"19,300","69,550","1,397","1,174","19,300","20,650","20,650","19,200","1,350",6.99,"69,550","1,397",-,
14/08/2020,"19,550","6,190",120,"1,097","19,600","19,300","19,600","19,100",-250,-1.28,"6,190",120,-,
13/08/2020,"19,300","66,380","1,270","1,111","19,300","19,550","19,600","19,000",250,1.3,"66,380","1,270",-,
12/08/2020,"19,500","34,140",655,"1,097","19,500","19,300","19,500","19,000",-200,-1.03,"34,140",655,-,
11/08/2020,"19,700","13,150",254,"1,108","19,500","19,500","19,500","19,200",-200,-1.02,"13,150",254,-,
10/08/2020,"19,700","30,460",596,"1,120","19,800","19,700","19,800","19,400",,,"30,460",596,-,
07/08/2020,"19,700","8,410",164,"1,120","19,450","19,700","19,750","19,300",,,"8,410",164,-,
06/08/2020,"19,750","31,730",616,"1,120","19,700","19,700","19,850","19,200",-50,-0.25,"31,730",616,-,
05/08/2020,"19,300","67,140","1,312","1,122","19,950","19,750","19,950","19,300",450,2.33,"67,140","1,312",-,
04/08/2020,"19,100","26,510",512,"1,097","19,400","19,300","19,800","19,100",200,1.05,"26,510",512,-,
03/08/2020,"19,200","43,230",822,"1,086","19,150","19,100","19,400","18,800",-100,-0.52,"43,230",822,-,
31/07/2020,"19,400","20,680",398,"1,091","19,400","19,200","19,400","18,900",-200,-1.03,"20,680",398,-,
30/07/2020,"19,200","15,560",296,"1,103","19,200","19,400","19,500","18,700",200,1.04,"15,560",296,-,
29/07/2020,"19,700","33,190",618,"1,091","19,700","19,200","19,700","18,350",-500,-2.54,"33,190",618,-,
28/07/2020,"19,300","27,620",537,"1,120","19,800","19,700","19,800","18,100",400,2.07,"27,620",537,-,
27/07/2020,"19,800","74,950","1,393","1,097","18,600","19,300","19,800","18,450",-500,-2.53,"74,950","1,393",-,
24/07/2020,"21,250","82,740","1,704","1,125","21,250","19,800","21,250","19,800","-1,450",-6.82,"82,740","1,704",-,
23/07/2020,"21,350","17,220",360,"1,208","20,850","21,250","21,300","20,750",-100,-0.47,"17,220",360,-,
22/07/2020,"20,900","29,960",632,"1,213","20,700","21,350","21,400","20,700",450,2.15,"29,960",632,-,
21/07/2020,"21,100","10,440",220,"1,188","21,200","20,900","21,200","20,650",-200,-0.95,"10,440",220,-,
20/07/2020,"20,950","54,550","1,147","1,199","20,700","21,100","21,300","20,700",150,0.72,"54,550","1,147",-,
17/07/2020,"21,400","37,820",787,"1,191","21,400","20,950","21,700","20,500",-450,-2.1,"37,820",787,-,
16/07/2020,"21,500","15,320",330,"1,216","21,800","21,400","21,800","21,350",-100,-0.47,"15,320",330,-,
15/07/2020,"20,800","88,600","1,899","1,222","20,900","21,500","22,000","20,850",700,3.37,"88,600","1,899",-,
14/07/2020,"20,800","16,250",335,"1,182","20,900","20,800","20,900","20,500",,,"16,250",335,-,
13/07/2020,"20,900","13,320",276,"1,182","21,300","20,800","21,300","20,600",-100,-0.48,"13,320",276,-,
10/07/2020,"20,700","10,910",226,"1,188","20,700","20,900","21,000","20,650",200,0.97,"10,910",226,-,
09/07/2020,"21,000","25,560",530,"1,176","21,000","20,700","21,000","20,550",-300,-1.43,"25,560",530,-,
08/07/2020,"21,000","15,550",327,"1,193","21,100","21,000","21,100","20,800",,,"15,550",327,-,
07/07/2020,"20,750","59,750","1,246","1,193","20,750","21,000","21,450","20,650",250,1.2,"59,750","1,246",-,
06/07/2020,"20,550","214,050","4,149","1,179","20,550","20,750","20,850","20,500",200,0.97,"34,050",702,"180,000","3,447"
03/07/2020,"21,000","401,750","7,897","1,168","21,050","20,550","21,050","20,500",-450,-2.14,"37,840",783,"363,910","7,114"
02/07/2020,"21,000","27,920",578,"1,193","21,200","21,000","21,200","20,500",,,"27,920",578,-,
01/07/2020,"20,550","53,890","1,118","1,193","20,550","21,000","21,000","20,500",450,2.19,"53,890","1,118",-,
30/06/2020,"21,850","66,420","1,409","1,168","21,500","20,550","22,000","20,350","-1,300",-5.95,"66,420","1,409",-,
29/06/2020,"22,350","30,290",658,"1,242","22,350","21,850","22,350","21,400",-500,-2.24,"30,290",658,-,
26/06/2020,"22,400","51,670","1,137","1,270","22,400","22,350","22,400","21,500",-50,-0.22,"51,670","1,137",-,
25/06/2020,"22,450","478,710","10,721","1,273","21,800","22,400","22,400","21,800",-50,-0.22,"78,710","1,741","400,000","8,980"
24/06/2020,"22,100","80,150","1,792","1,276","22,500","22,450","22,500","22,000",350,1.58,"80,150","1,792",-,
23/06/2020,"21,700","105,940","2,352","1,256","21,700","22,100","22,600","21,600",400,1.84,"105,940","2,352",-,
22/06/2020,"21,800","57,390","1,250","1,233","21,900","21,700","21,950","21,400",-100,-0.46,"57,390","1,250",-,
19/06/2020,"21,400","533,170","10,693","1,239","21,200","21,800","21,900","21,100",400,1.87,"33,170",718,"500,000","9,975"
18/06/2020,"22,650","226,370","4,930","1,216","21,400","21,400","22,250","21,150","-1,250",-5.52,"226,370","4,930",-,
17/06/2020,"23,000","229,230","5,185","1,287","23,000","22,650","23,000","22,000",-350,-1.52,"229,230","5,185",-,
16/06/2020,"22,950","72,970","1,668","1,307","23,000","23,000","23,400","22,000",50,0.22,"72,970","1,668",-,
15/06/2020,"21,450","214,020","4,887","1,304","21,700","22,950","22,950","21,700","1,500",6.99,"214,020","4,887",-,
12/06/2020,"21,100","79,430","1,653","1,219","20,000","21,450","21,700","20,000",350,1.66,"79,430","1,653",-,
11/06/2020,"21,500","136,330","2,983","1,199","21,650","21,100","22,400","21,100",-400,-1.86,"136,330","2,983",-,
10/06/2020,"21,200","68,830","1,486","1,222","21,300","21,500","22,200","20,900",300,1.42,"68,830","1,486",-,
09/06/2020,"21,700","40,630",873,"1,205","21,850","21,200","21,850","21,200",-500,-2.3,"40,630",873,-,
08/06/2020,"21,200","88,830","1,887","1,233","21,400","21,700","21,900","20,900",500,2.36,"88,830","1,887",-,
05/06/2020,"21,200","40,460",840,"1,205","21,000","21,200","21,300","20,100",,,"40,460",840,-,
04/06/2020,"21,300","38,260",807,"1,205","21,100","21,200","21,350","20,700",-100,-0.47,"38,260",807,-,
03/06/2020,"21,350","21,740",460,"1,211","21,350","21,300","21,400","20,600",-50,-0.23,"21,740",460,-,
02/06/2020,"21,250","146,620","3,175","1,213","21,500","21,350","21,950","20,900",100,0.47,"146,620","3,175",-,
01/06/2020,"20,400","120,050","2,505","1,208","20,700","21,250","21,300","20,200",850,4.17,"120,050","2,505",-,
29/05/2020,"20,250","37,120",756,"1,159","20,400","20,400","20,500","20,150",150,0.74,"37,120",756,-,
28/05/2020,"20,500","49,900","1,012","1,151","20,100","20,250","20,500","20,100",-250,-1.22,"49,900","1,012",-,
27/05/2020,"20,500","63,850","1,305","1,165","20,500","20,500","20,600","20,100",,,"63,850","1,305",-,
26/05/2020,"20,300","34,920",711,"1,165","20,400","20,500","20,600","20,200",200,0.99,"34,920",711,-,
25/05/2020,"20,550","36,470",743,"1,154","20,400","20,300","20,650","20,250",-250,-1.22,"36,470",743,-,
22/05/2020,"20,350","30,550",625,"1,168","20,200","20,550","20,650","20,200",200,0.98,"30,550",625,-,
21/05/2020,"20,600","16,100",328,"1,157","20,900","20,350","20,900","20,300",-250,-1.21,"16,100",328,-,
20/05/2020,"20,550","22,810",468,"1,171","20,650","20,600","20,700","20,400",50,0.24,"22,810",468,-,
19/05/2020,"20,650","59,670","1,224","1,168","20,650","20,550","21,000","20,450",-100,-0.48,"59,670","1,224",-,
18/05/2020,"21,200","14,830",307,"1,174","21,300","20,650","21,300","20,600",-550,-2.59,"14,830",307,-,
15/05/2020,"21,450","50,250","1,068","1,205","21,200","21,200","21,500","20,800",-250,-1.17,"50,250","1,068",-,
14/05/2020,"20,300","69,600","1,474","1,219","20,350","21,450","21,600","20,300","1,150",5.67,"69,600","1,474",-,
13/05/2020,"20,400","37,850",769,"1,154","20,200","20,300","20,500","20,100",-100,-0.49,"37,850",769,-,
12/05/2020,"20,500","79,300","1,605","1,159","20,400","20,400","20,600","20,000",-100,-0.49,"79,300","1,605",-,
11/05/2020,"20,400","30,800",626,"1,165","20,500","20,500","20,500","20,100",100,0.49,"30,800",626,-,
08/05/2020,"20,650","122,470","2,505","1,159","20,650","20,400","20,750","20,200",-250,-1.21,"122,470","2,505",-,
07/05/2020,"20,200","34,550",710,"1,174","20,200","20,650","20,800","20,200",450,2.23,"34,550",710,-,
06/05/2020,"20,700","51,870","1,060","1,148","20,800","20,200","20,950","20,100",-500,-2.42,"51,870","1,060",-,
05/05/2020,"20,600","25,380",522,"1,176","20,600","20,700","20,900","20,400",100,0.49,"25,380",522,-,
04/05/2020,"21,650","115,830","2,417","1,171","21,500","20,600","21,500","20,600","-1,050",-4.85,"115,830","2,417",-,
29/04/2020,"22,400","94,690","2,081","1,230","21,650","21,650","22,500","21,500",-750,-3.35,"94,690","2,081",-,
28/04/2020,"22,900","176,020","3,991","1,273","22,300","22,400","23,100","22,150",-500,-2.18,"176,020","3,991",-,
27/04/2020,"22,900","70,030","1,578","1,301","22,900","22,900","23,000","22,200",,,"70,030","1,578",-,
24/04/2020,"22,000","187,270","4,224","1,301","22,000","22,900","22,900","21,700",900,4.09,"187,270","4,224",-,
23/04/2020,"22,000","53,090","1,162","1,250","22,000","22,000","22,000","21,400",,,"53,090","1,162",-,
22/04/2020,"21,100","143,000","2,995","1,250","20,600","22,000","22,000","20,100",900,4.27,"143,000","2,995",-,
21/04/2020,"22,000","127,700","2,697","1,199","20,800","21,100","22,000","20,800",-900,-4.09,"127,700","2,697",-,
20/04/2020,"22,350","180,220","3,983","1,250","22,800","22,000","22,800","21,400",-350,-1.57,"180,220","3,983",-,
17/04/2020,"20,900","530,830","11,548","1,270","20,900","22,350","22,350","20,900","1,450",6.94,"530,830","11,548",-,
16/04/2020,"20,600","270,280","5,654","1,188","20,600","20,900","21,100","20,500",300,1.46,"270,280","5,654",-,
15/04/2020,"21,300","245,570","5,126","1,171","20,600","20,600","21,000","20,600",-700,-3.29,"245,570","5,126",-,
14/04/2020,"21,200","276,700","5,936","1,211","20,900","21,300","21,500","20,150",100,0.47,"210,700","4,441","66,000","1,495"
13/04/2020,"20,250","183,570","3,888","1,205","21,400","21,200","21,650","20,800",950,4.69,"183,570","3,888",-,
10/04/2020,"18,950","391,360","7,839","1,151","18,950","20,250","20,250","18,950","1,300",6.86,"391,360","7,839",-,
09/04/2020,"18,950","270,020","5,088","1,077","19,000","18,950","19,000","18,500",,,"270,020","5,088",-,
08/04/2020,"19,100","153,430","2,912","1,077","18,800","18,950","19,200","18,500",-150,-0.79,"153,430","2,912",-,
07/04/2020,"18,600","220,080","4,167","1,086","18,700","19,100","19,200","18,200",500,2.69,"220,080","4,167",-,
06/04/2020,"18,000","100,600","1,826","1,057","18,500","18,600","18,600","17,800",600,3.33,"100,600","1,826",-,
03/04/2020,"18,200","68,020","1,231","1,023","18,400","18,000","18,400","17,900",-200,-1.1,"68,020","1,231",-,
01/04/2020,"18,000","107,010","1,940","1,034","18,500","18,200","18,900","16,750",200,1.11,"107,010","1,940",-,
31/03/2020,"18,350","95,540","1,720","1,023","18,950","18,000","18,950","17,300",-350,-1.91,"95,540","1,720",-,
30/03/2020,"19,050","224,430","4,174","1,043","19,050","18,350","19,400","17,750",-700,-3.67,"187,430","3,434","37,000",740
27/03/2020,"19,950","175,640","3,490","1,083","19,950","19,050","20,500","18,800",-900,-4.51,"175,640","3,490",-,
26/03/2020,"20,000","133,130","2,671","1,134","20,300","19,950","20,300","19,100",-50,-0.25,"133,130","2,671",-,
25/03/2020,"19,900","117,480","2,365","1,137","19,500","20,000","20,400","19,500",100,0.5,"117,480","2,365",-,
24/03/2020,"19,550","178,710","3,561","1,131","19,550","19,900","20,500","19,000",350,1.79,"178,710","3,561",-,
23/03/2020,"21,000","502,310","10,111","1,111","19,900","19,550","21,200","19,550","-1,450",-6.9,"502,310","10,111",-,
20/03/2020,"21,400","327,740","7,067","1,193","21,450","21,000","22,000","20,600",-400,-1.87,"327,740","7,067",-,
19/03/2020,"21,400","252,530","5,420","1,216","21,400","21,400","21,900","20,500",,,"252,530","5,420",-,
18/03/2020,"21,300","334,370","7,299","1,216","20,100","21,400","22,000","20,100",100,0.47,"334,370","7,299",-,
17/03/2020,"20,900","78,720","1,645","1,211","21,400","21,300","21,400","20,000",400,1.91,"58,720","1,219","20,000",426
16/03/2020,"19,900","129,950","2,688","1,188","19,900","20,900","21,250","19,900","1,000",5.03,"129,950","2,688",-,
13/03/2020,"19,900","102,560","1,993","1,131","18,550","19,900","20,000","18,550",,,"102,560","1,993",-,
12/03/2020,"19,200","155,980","2,866","1,131","19,200","19,900","19,900","17,900",700,3.65,"155,980","2,866",-,
11/03/2020,"19,200","59,720","1,173","1,091","19,500","19,200","20,500","18,500",,,"59,720","1,173",-,
10/03/2020,"20,400","53,080","1,018","1,091","19,000","19,200","20,000","19,000","-1,200",-5.88,"53,080","1,018",-,
09/03/2020,"21,900","37,070",757,"1,159","20,800","20,400","20,800","20,400","-1,500",-6.85,"37,070",757,-,
06/03/2020,"21,700","743,330","15,643","1,245","21,600","21,900","22,400","21,500",200,0.92,"32,700",720,"710,630","14,923"
05/03/2020,"22,000","25,020",538,"1,233","22,000","21,700","22,000","21,200",-300,-1.36,"25,020",538,-,
04/03/2020,"21,600","13,150",280,"1,250","21,000","22,000","22,000","20,500",400,1.85,"13,150",280,-,
03/03/2020,"21,600","87,320","1,920","1,228","21,900","21,600","22,500","21,000",,,"87,320","1,920",-,
02/03/2020,"21,000","93,470","1,991","1,228","21,000","21,600","21,600","20,400",600,2.86,"93,470","1,991",-,
28/02/2020,"21,250","58,460","1,242","1,193","20,100","21,000","21,650","20,100",-250,-1.18,"58,460","1,242",-,
27/02/2020,"19,900","83,260","1,745","1,208","19,950","21,250","21,250","19,900","1,350",6.78,"83,260","1,745",-,
26/02/2020,"21,250","175,910","3,821","1,131","20,100","19,900","21,000","19,900","-1,350",-6.35,"65,910","1,324","110,000","2,497"
25/02/2020,"21,250","59,950","1,234","1,208","20,000","21,250","21,250","20,000",,,"59,950","1,234",-,
24/02/2020,"22,800","88,200","1,901","1,208","22,200","21,250","22,500","21,250","-1,550",-6.8,"88,200","1,901",-,
21/02/2020,"23,850","206,850","4,774","1,296","23,850","22,800","23,850","22,800","-1,050",-4.4,"206,850","4,774",-,
20/02/2020,"24,000","78,580","1,826","1,355","24,100","23,850","24,100","22,700",-150,-0.63,"78,580","1,826",-,
19/02/2020,"24,650","116,750","2,785","1,364","23,500","24,000","24,750","22,950",-650,-2.64,"116,750","2,785",-,
18/02/2020,"24,500","161,160","3,963","1,401","24,200","24,650","24,850","23,900",150,0.61,"161,160","3,963",-,
17/02/2020,"23,200","263,560","6,241","1,392","23,850","24,500","24,500","23,000","1,300",5.6,"263,560","6,241",-,
14/02/2020,"21,700","326,440","7,424","1,319","21,550","23,200","23,200","21,500","1,500",6.91,"326,440","7,424",-,
13/02/2020,"21,850","91,900","1,968","1,233","21,800","21,700","21,900","20,750",-150,-0.69,"91,900","1,968",-,
12/02/2020,"21,100","100,370","2,165","1,242","21,100","21,850","22,500","20,600",750,3.55,"100,370","2,165",-,
11/02/2020,"20,900","65,330","1,368","1,199","21,500","21,100","21,500","20,650",200,0.96,"65,330","1,368",-,
10/02/2020,"20,150","179,720","3,574","1,188","19,100","20,900","20,950","19,100",750,3.72,"179,720","3,574",-,
07/02/2020,"21,650","142,290","2,867","1,145","20,150","20,150","20,150","20,150","-1,500",-6.93,"142,290","2,867",-,
06/02/2020,"23,250","73,470","1,591","1,230","21,650","21,650","21,650","21,650","-1,600",-6.88,"73,470","1,591",-,
05/02/2020,"25,000","97,980","2,280","1,321","23,300","23,250","23,500","23,250","-1,750",-7,"97,980","2,280",-,
04/02/2020,"25,800","63,910","1,613","1,421","25,000","25,000","26,000","24,600",-800,-3.1,"63,910","1,613",-,
03/02/2020,"26,000","203,570","5,277","1,466","26,500","25,800","26,500","24,850",-200,-0.77,"203,570","5,277",-,
31/01/2020,"25,850","591,380","15,652","1,478","26,000","26,000","27,600","25,800",150,0.58,"591,380","15,652",-,
30/01/2020,"25,000","41,180","1,063","1,469","26,200","25,850","26,700","25,000",850,3.4,"41,180","1,063",-,
22/01/2020,"24,450","12,100",296,"1,421","25,800","25,000","25,800","24,000",550,2.25,"12,100",296,-,
21/01/2020,"24,500","34,180",841,"1,390","24,500","24,450","25,000","23,500",-50,-0.2,"34,180",841,-,
20/01/2020,"24,900","23,740",570,"1,392","24,900","24,500","24,900","23,650",-400,-1.61,"23,740",570,-,
17/01/2020,"24,700","2,250",56,"1,415","24,700","24,900","25,000","24,400",200,0.81,"2,250",56,-,
16/01/2020,"26,000","38,980",968,"1,404","26,000","24,700","26,000","24,700","-1,300",-5,"38,980",968,-,
15/01/2020,"24,500","104,500","2,688","1,478","24,600","26,000","26,200","24,600","1,500",6.12,"104,500","2,688",-,
14/01/2020,"24,200","34,000",834,"1,392","24,600","24,500","25,050","24,000",300,1.24,"34,000",834,-,
13/01/2020,"24,600","86,970","2,091","1,375","24,400","24,200","24,400","23,000",-400,-1.63,"86,970","2,091",-,
10/01/2020,"24,900","32,680",778,"1,398","25,000","24,600","25,000","23,200",-300,-1.2,"32,680",778,-,
09/01/2020,"25,000","134,440","3,307","1,415","26,000","24,900","26,000","23,500",-100,-0.4,"134,440","3,307",-,
08/01/2020,"26,300","129,970","3,276","1,421","26,600","25,000","26,600","24,500","-1,300",-4.94,"129,970","3,276",-,
07/01/2020,"27,500","197,280","5,254","1,495","27,500","26,300","27,500","25,900","-1,200",-4.36,"197,280","5,254",-,
06/01/2020,"27,900","84,090","2,278","1,563","27,900","27,500","27,900","26,600",-400,-1.43,"84,090","2,278",-,
03/01/2020,"27,900","172,100","4,774","1,586","27,100","27,900","28,400","27,000",,,"172,100","4,774",-,
02/01/2020,"28,000","76,030","2,084","1,586","28,000","27,900","29,200","26,900",-100,-0.36,"76,030","2,084",-,
31/12/2019,"26,600","279,180","7,546","1,591","25,400","28,000","28,450","25,400","1,400",5.26,"279,180","7,546",-,
30/12/2019,"28,600","518,080","13,881","1,512","26,650","26,600","27,900","26,600","-2,000",-6.99,"518,080","13,881",-,
27/12/2019,"30,700","246,700","7,080","1,625","28,750","28,600","29,300","28,600","-2,100",-6.84,"246,700","7,080",-,
26/12/2019,"32,000","260,670","8,171","1,745","32,000","30,700","32,100","30,600","-1,300",-4.06,"260,670","8,171",-,
25/12/2019,"32,000","298,830","9,615","1,819","32,000","32,000","32,500","31,800",,,"298,830","9,615",-,
24/12/2019,"30,800","896,670","28,002","1,819","30,800","32,000","32,500","30,800","1,200",3.9,"736,670","23,418","160,000","4,584"
23/12/2019,"29,000","621,270","18,988","1,750","29,200","30,800","31,000","29,200","1,800",6.21,"621,270","18,988",-,
20/12/2019,"29,200","415,060","11,802","1,648","29,000","29,000","29,200","27,500",-200,-0.68,"415,060","11,802",-,
19/12/2019,"29,400","406,850","11,988","1,660","29,900","29,200","30,000","29,100",-200,-0.68,"406,850","11,988",-,
18/12/2019,"28,600","614,120","17,868","1,671","28,600","29,400","29,600","28,600",800,2.8,"614,120","17,868",-,
17/12/2019,"27,900","478,170","13,536","1,625","29,000","28,600","29,000","27,900",700,2.51,"478,170","13,536",-,
16/12/2019,"26,100","392,710","10,637","1,586","26,000","27,900","27,900","25,500","1,800",6.9,"320,710","8,887","72,000","1,750"
13/12/2019,"26,000","511,380","13,351","1,483","26,000","26,100","26,300","25,800",100,0.38,"511,380","13,351",-,
12/12/2019,"26,100","199,900","5,210","1,478","25,800","26,000","26,300","25,500",-100,-0.38,"199,900","5,210",-,
11/12/2019,"25,450","153,150","3,991","1,483","25,400","26,100","26,500","25,400",650,2.55,"153,150","3,991",-,
10/12/2019,"25,400","339,980","8,670","1,446","25,400","25,450","26,200","25,400",50,0.2,"339,980","8,670",-,
09/12/2019,"25,350","472,980","12,103","1,444","25,350","25,400","26,700","25,350",50,0.2,"472,980","12,103",-,
06/12/2019,"23,700","517,280","12,771","1,441","24,000","25,350","25,350","23,700","1,650",6.96,"517,280","12,771",-,
05/12/2019,"23,500","67,060","1,579","1,347","23,500","23,700","24,100","23,400",200,0.85,"67,060","1,579",-,
04/12/2019,"24,300","137,620","3,241","1,336","23,550","23,500","24,300","23,200",-800,-3.29,"137,620","3,241",-,
03/12/2019,"23,000","85,370","2,038","1,381","23,000","24,300","24,300","23,000","1,300",5.65,"85,370","2,038",-,
02/12/2019,"23,000","151,530","3,486","1,307","23,000","23,000","23,200","22,800",,,"151,530","3,486",-,
29/11/2019,"23,000","252,800","5,821","1,307","23,000","23,000","23,800","22,800",,,"252,800","5,821",-,
28/11/2019,"21,500","547,490","12,570","1,307","22,950","23,000","23,000","21,500","1,500",6.98,"547,490","12,570",-,
27/11/2019,"20,100","195,520","4,138","1,222","20,000","21,500","21,500","20,000","1,400",6.97,"195,520","4,138",-,
26/11/2019,"19,250","80,850","1,576","1,142","19,700","20,100","20,300","19,150",850,4.42,"80,850","1,576",-,
25/11/2019,"18,000","115,370","2,173","1,094","18,000","19,250","19,250","18,000","1,250",6.94,"115,370","2,173",-,
22/11/2019,"18,000","16,560",298,"1,023","17,700","18,000","18,000","17,700",,,"16,560",298,-,
21/11/2019,"18,000","30,770",554,"1,023","17,700","18,000","18,200","17,700",,,"30,770",554,-,
20/11/2019,"18,000","24,110",434,"1,023","18,000","18,000","18,000","17,950",,,"24,110",434,-,
19/11/2019,"18,000","10,750",192,"1,023","18,000","18,000","18,000","17,800",,,"10,750",192,-,
18/11/2019,"17,700","2,140",38,"1,023","17,700","18,000","18,000","17,700",300,1.69,"2,140",38,-,
15/11/2019,"18,000","11,230",201,"1,006","17,700","17,700","18,000","17,700",-300,-1.67,"11,230",201,-,
14/11/2019,"18,100","4,910",87,"1,023","17,700","18,000","18,000","17,700",-100,-0.55,"4,910",87,-,
13/11/2019,"18,200","11,020",194,"1,029","17,600","18,100","18,100","17,400",-100,-0.55,"11,020",194,-,
12/11/2019,"18,100","40,410",710,"1,034","17,400","18,200","18,200","17,400",100,0.55,"40,410",710,-,
11/11/2019,"17,800","32,570",564,"1,029","17,350","18,100","18,100","17,200",300,1.69,"32,570",564,-,
08/11/2019,"18,000","7,960",140,"1,012","17,700","17,800","17,800","17,600",-200,-1.11,"7,960",140,-,
07/11/2019,"17,700",250,4,"1,023","17,700","18,000","18,000","17,700",300,1.69,250,4,-,
06/11/2019,"18,000","16,570",295,"1,006","18,000","17,700","18,200","17,600",-300,-1.67,"16,570",295,-,
05/11/2019,"17,800","5,350",95,"1,023","17,800","18,000","18,000","17,300",200,1.12,"5,350",95,-,
04/11/2019,"17,800","9,860",175,"1,012","17,800","17,800","17,900","17,500",,,"9,860",175,-,
01/11/2019,"17,800","9,300",166,"1,012","17,800","17,800","18,100","17,400",,,"9,300",166,-,
31/10/2019,"18,150","15,370",272,"1,012","18,150","17,800","18,150","17,600",-350,-1.93,"15,370",272,-,
30/10/2019,"18,100","33,590",606,"1,032","18,100","18,150","18,250","17,900",50,0.28,"33,590",606,-,
29/10/2019,"18,200","11,180",201,"1,029","18,200","18,100","18,200","17,800",-100,-0.55,"11,180",201,-,
28/10/2019,"18,200","7,130",131,"1,034","18,200","18,200","18,400","18,200",,,"7,130",131,-,
25/10/2019,"18,250","1,430",26,"1,034","18,600","18,200","18,600","18,200",-50,-0.27,"1,430",26,-,
24/10/2019,"18,350","11,010",203,"1,037","18,250","18,250","18,600","17,900",-100,-0.54,"11,010",203,-,
23/10/2019,"17,950","7,890",142,"1,043","17,950","18,350","18,350","17,950",400,2.23,"7,890",142,-,
22/10/2019,"18,400","16,720",302,"1,020","18,400","17,950","18,400","17,950",-450,-2.45,"16,720",302,-,
21/10/2019,"18,000","29,430",538,"1,046","18,300","18,400","18,500","17,700",400,2.22,"29,430",538,-,
18/10/2019,"17,700","50,500",906,"1,023","17,700","18,000","18,300","17,500",300,1.69,"50,500",906,-,
17/10/2019,"17,500","4,990",87,"1,006","17,500","17,700","17,700","17,400",200,1.14,"4,990",87,-,
16/10/2019,"17,600","4,070",71,995,"17,800","17,500","17,800","17,500",-100,-0.57,"4,070",71,-,
15/10/2019,"18,100","8,610",154,"1,000","18,000","17,600","18,100","17,600",-500,-2.76,"8,610",154,-,
14/10/2019,"18,200","65,760","1,174","1,029","18,000","18,100","18,300","17,500",-100,-0.55,"65,760","1,174",-,
11/10/2019,"17,200","71,260","1,254","1,034","17,250","18,200","18,200","17,250","1,000",5.81,"71,260","1,254",-,
10/10/2019,"17,300","19,580",337,978,"17,300","17,200","17,300","17,000",-100,-0.58,"19,580",337,-,
09/10/2019,"17,250","14,870",257,983,"17,300","17,300","17,300","17,250",50,0.29,"14,870",257,-,
08/10/2019,"16,600","4,310",71,980,"16,600","17,250","17,250","16,550",650,3.92,"4,310",71,-,
07/10/2019,"17,200","28,610",487,943,"17,000","16,600","17,200","16,600",-600,-3.49,"28,610",487,-,
04/10/2019,"17,200","1,000",17,978,"17,200","17,200","17,200","17,200",,,"1,000",17,-,
03/10/2019,"17,300","30,540",521,978,"17,300","17,200","17,500","16,500",-100,-0.58,"30,540",521,-,
02/10/2019,"17,350","12,220",209,983,"17,350","17,300","17,350","17,000",-50,-0.29,"12,220",209,-,
01/10/2019,"17,100","15,520",265,986,"17,100","17,350","17,350","17,000",250,1.46,"15,520",265,-,
30/09/2019,"17,200","13,380",229,972,"17,350","17,100","17,350","17,000",-100,-0.58,"13,380",229,-,
27/09/2019,"17,150","83,010","1,418",978,"17,000","17,200","17,350","16,900",50,0.29,"83,010","1,418",-,
26/09/2019,"17,150","26,340",446,975,"17,300","17,150","17,300","16,700",,,"26,340",446,-,
25/09/2019,"17,200","22,480",383,975,"17,200","17,150","17,200","16,900",-50,-0.29,"22,480",383,-,
24/09/2019,"17,200","5,930",101,978,"16,750","17,200","17,200","16,750",,,"5,930",101,-,
23/09/2019,"17,350","52,790",906,978,"17,000","17,200","17,500","16,800",-150,-0.86,"52,790",906,-,
20/09/2019,"17,000","35,690",610,986,"17,000","17,350","17,400","16,800",350,2.06,"35,690",610,-,
19/09/2019,"17,350","56,880",969,966,"17,000","17,000","17,300","17,000",-350,-2.02,"56,880",969,-,
18/09/2019,"17,350","129,380","2,159",986,"17,000","17,350","17,350","16,800",,,"24,380",416,"105,000","1,743"
17/09/2019,"17,000","26,840",459,986,"16,900","17,350","17,400","16,600",350,2.06,"26,840",459,-,
16/09/2019,"16,600","2,630",44,966,"16,600","17,000","17,000","16,600",400,2.41,"2,630",44,-,
13/09/2019,"17,000","22,940",384,943,"16,800","16,600","17,200","16,500",-400,-2.35,"22,940",384,-,
12/09/2019,"17,000","5,640",96,966,"17,300","17,000","17,300","17,000",,,"5,640",96,-,
11/09/2019,"16,900","35,690",607,966,"16,900","17,000","17,200","16,900",100,0.59,"35,690",607,-,
10/09/2019,"17,000","23,140",388,960,"17,000","16,900","17,000","16,100",-100,-0.59,"23,140",388,-,
09/09/2019,"17,000","14,420",241,966,"16,400","17,000","17,000","16,400",,,"14,420",241,-,
06/09/2019,"16,400","13,730",228,966,"16,400","17,000","17,000","16,350",600,3.66,"13,730",228,-,
05/09/2019,"16,700","5,000",83,932,"17,000","16,400","17,000","16,400",-300,-1.8,"5,000",83,-,
04/09/2019,"17,300","78,910","1,340",949,"16,600","16,700","17,000","16,700",-600,-3.47,"78,910","1,340",-,
03/09/2019,"16,600","158,830","2,709",983,"16,600","17,300","17,600","16,600",700,4.22,"158,830","2,709",-,
30/08/2019,"16,600","364,030","6,055",943,"16,600","16,600","16,700","16,300",,,"364,030","6,055",-,
29/08/2019,"16,250","90,600","1,494",943,"16,300","16,600","16,950","16,100",350,2.15,"90,600","1,494",-,
28/08/2019,"16,100","297,300","5,029",924,"16,150","16,250","17,100","16,150",150,0.93,"297,300","5,029",-,
27/08/2019,"17,200","51,260",832,915,"17,000","16,100","17,000","16,000","-1,100",-6.4,"51,260",832,-,
26/08/2019,"17,200","2,000",34,978,"17,200","17,200","17,200","17,200",,,"2,000",34,-,
23/08/2019,"16,900","1,040",18,978,"16,900","17,200","17,200","16,900",300,1.78,"1,040",18,-,
22/08/2019,"17,200","57,010",967,960,"17,000","16,900","17,000","16,900",-300,-1.74,"57,010",967,-,
21/08/2019,"17,150","26,050",442,978,"17,050","17,200","17,200","16,900",50,0.29,"26,050",442,-,
20/08/2019,"17,150","17,000",292,975,"17,150","17,150","17,200","17,150",,,"17,000",292,-,
19/08/2019,"17,200","15,500",266,975,"17,200","17,150","17,200","17,150",-50,-0.29,"15,500",266,-,
16/08/2019,"17,200","14,000",241,978,"17,200","17,200","17,250","17,050",,,"14,000",241,-,
15/08/2019,"17,500",280,5,978,"17,200","17,200","17,200","17,200",-300,-1.71,280,5,-,
14/08/2019,"17,200","23,550",411,995,"17,850","17,500","17,850","17,200",300,1.74,"23,550",411,-,
13/08/2019,"16,900","13,920",237,978,"16,900","17,200","17,200","16,900",300,1.78,"13,920",237,-,
12/08/2019,"16,900","10,430",176,960,"16,900","16,900","16,900","16,900",,,"10,430",176,-,
09/08/2019,"17,400","35,660",607,960,"17,400","16,900","17,400","16,900",-500,-2.87,"35,660",607,-,
08/08/2019,"17,400","28,010",479,989,"17,000","17,400","17,400","16,900",,,"28,010",479,-,
07/08/2019,"17,450","15,360",261,989,"17,000","17,400","17,400","16,900",-50,-0.29,"15,360",261,-,
06/08/2019,"17,700","7,870",134,992,"16,800","17,450","17,450","16,800",-250,-1.41,"7,870",134,-,
05/08/2019,"17,000","29,880",519,"1,006","16,600","17,700","17,850","16,600",700,4.12,"29,880",519,-,
02/08/2019,"17,100","126,870","2,140",966,"17,000","17,000","17,100","16,700",-100,-0.58,"126,870","2,140",-,
01/08/2019,"16,050","62,770","1,036",972,"16,000","17,100","17,100","16,000","1,050",6.54,"62,770","1,036",-,
31/07/2019,"17,250","62,850","1,018",912,"16,850","16,050","16,850","16,050","-1,200",-6.96,"62,850","1,018",-,
30/07/2019,"17,250",-,,980,"17,250","17,250","17,250","17,250",,,,,-,
29/07/2019,"17,200","3,240",55,980,"16,800","17,250","17,400","16,800",50,0.29,"3,240",55,-,
26/07/2019,"17,500","2,130",37,978,"16,700","17,200","17,500","16,700",-300,-1.71,"2,130",37,-,
25/07/2019,"17,200","7,280",124,995,"17,700","17,500","17,700","17,000",300,1.74,"7,280",124,-,
24/07/2019,"17,950","7,590",130,978,"17,800","17,200","17,800","17,050",-750,-4.18,"7,590",130,-,
23/07/2019,"17,900","12,470",224,"1,020","17,850","17,950","17,950","17,850",50,0.28,"12,470",224,-,
22/07/2019,"18,000","33,980",603,"1,017","18,000","17,900","18,000","17,400",-100,-0.56,"33,980",603,-,
19/07/2019,"18,000","7,610",136,"1,023","17,800","18,000","18,000","17,800",,,"7,610",136,-,
18/07/2019,"18,000","5,390",95,"1,023","17,700","18,000","18,000","17,700",,,"5,390",95,-,
17/07/2019,"18,000","79,320","1,417","1,023","17,800","18,000","18,100","17,700",,,"79,320","1,417",-,
16/07/2019,"18,000","32,840",586,"1,023","17,900","18,000","18,000","17,700",,,"32,840",586,-,
15/07/2019,"18,400","73,070","1,323","1,023","17,700","18,000","18,300","17,600",-400,-2.17,"73,070","1,323",-,
12/07/2019,"18,400","98,650","1,780","1,046","17,900","18,400","18,400","17,600",,,"98,650","1,780",-,
11/07/2019,"18,400","29,450",533,"1,046","17,950","18,400","18,400","17,900",,,"29,450",533,-,
10/07/2019,"18,500","12,860",232,"1,046","18,750","18,400","18,750","17,950",-100,-0.54,"12,860",232,-,
09/07/2019,"18,000","26,470",478,"1,051","18,500","18,500","18,500","17,950",500,2.78,"26,470",478,-,
08/07/2019,"18,900","75,480","1,481","1,023","18,900","18,000","18,900","18,000",-900,-4.76,"17,480",321,"58,000","1,160"
05/07/2019,"18,950","17,250",319,"1,074","18,300","18,900","18,950","18,300",-50,-0.26,"17,250",319,-,
04/07/2019,"19,000","12,080",225,"1,077","18,900","18,950","19,000","18,500",-50,-0.26,"12,080",225,-,
03/07/2019,"19,000","69,630","1,318","1,080","19,000","19,000","19,100","18,500",,,"69,630","1,318",-,
02/07/2019,"18,450","208,760","3,920","1,080","18,450","19,000","19,300","18,400",550,2.98,"208,760","3,920",-,
01/07/2019,"18,450","3,350",61,"1,049","18,600","18,450","18,600","18,050",,,"3,350",61,-,
28/06/2019,"18,000","21,520",396,"1,049","18,000","18,450","18,500","18,000",450,2.5,"21,520",396,-,
27/06/2019,"18,000","15,170",271,"1,023","17,950","18,000","18,000","17,700",,,"15,170",271,-,
26/06/2019,"18,000","15,160",272,"1,023","17,900","18,000","18,000","17,900",,,"15,160",272,-,
25/06/2019,"18,500","28,220",509,"1,023","18,050","18,000","18,400","18,000",-500,-2.7,"28,220",509,-,
24/06/2019,"18,500","3,300",60,"1,051","18,500","18,500","18,500","18,100",,,"3,300",60,-,
21/06/2019,"18,950","30,020",548,"1,051","18,150","18,500","18,500","18,100",-450,-2.37,"30,020",548,-,
20/06/2019,"18,600","24,340",447,"1,077","19,150","18,950","19,150","18,200",350,1.88,"24,340",447,-,
19/06/2019,"18,500","34,610",651,"1,057","18,600","18,600","19,200","18,400",100,0.54,"34,610",651,-,
18/06/2019,"18,650","6,000",111,"1,051","19,500","18,500","19,500","18,450",-150,-0.8,"6,000",111,-,
17/06/2019,"18,800","10,680",200,"1,060","18,800","18,650","18,800","18,600",-150,-0.8,"10,680",200,-,
14/06/2019,"18,500","53,140",983,"1,068","18,500","18,800","18,850","18,100",300,1.62,"53,140",983,-,
13/06/2019,"18,700","16,720",309,"1,051","18,700","18,500","19,000","18,000",-200,-1.07,"16,720",309,-,
12/06/2019,"18,400","22,640",422,"1,063","18,700","18,700","19,000","18,050",300,1.63,"22,640",422,-,
11/06/2019,"18,700","29,570",535,"1,046","18,100","18,400","18,400","18,100",-300,-1.6,"29,570",535,-,
10/06/2019,"18,700","9,300",174,"1,063","18,700","18,700","18,700","18,700",,,"9,300",174,-,
07/06/2019,"18,500","12,230",222,"1,063","19,000","18,700","19,000","18,000",200,1.08,"12,230",222,-,
06/06/2019,"18,550","2,640",48,"1,051","17,850","18,500","18,500","17,850",-50,-0.27,"2,640",48,-,
05/06/2019,"18,000","24,490",444,"1,054","18,000","18,550","18,550","17,500",550,3.06,"24,490",444,-,
04/06/2019,"17,650","44,870",808,"1,023","18,700","18,000","18,700","17,800",350,1.98,"44,870",808,-,
03/06/2019,"18,150","108,240","2,026","1,003","18,000","17,650","18,500","17,650",-500,-2.75,"72,940","1,341","35,300",685
31/05/2019,"19,400","20,080",371,"1,032","18,900","18,150","19,400","18,150","-1,250",-6.44,"20,080",371,-,
30/05/2019,"18,900","28,590",542,"1,103","18,950","19,400","19,400","18,200",500,2.65,"28,590",542,-,
29/05/2019,"18,500","24,080",448,"1,074","18,500","18,900","19,450","18,300",400,2.16,"24,080",448,-,
28/05/2019,"17,300","89,820","1,649","1,051","17,400","18,500","18,500","17,400","1,200",6.94,"89,820","1,649",-,
27/05/2019,"17,100","24,950",434,983,"17,300","17,300","17,800","17,200",200,1.17,"24,950",434,-,
24/05/2019,"17,800","120,040","2,088",972,"17,700","17,100","17,700","17,100",-700,-3.93,"120,040","2,088",-,
23/05/2019,"18,300","36,090",649,"1,012","18,100","17,800","18,250","17,800",-500,-2.73,"36,090",649,-,
22/05/2019,"18,500","12,660",232,"1,040","18,300","18,300","18,500","18,300",-200,-1.08,"12,660",232,-,
21/05/2019,"18,200","56,590","1,031","1,051","18,250","18,500","18,500","18,200",300,1.65,"56,590","1,031",-,
20/05/2019,"19,000","94,310","1,742","1,034","18,800","18,200","18,800","18,200",-800,-4.21,"94,310","1,742",-,
17/05/2019,"19,300","86,740","1,624","1,080","19,300","19,000","19,300","18,400",-300,-1.55,"86,740","1,624",-,
16/05/2019,"19,300","42,040",794,"1,097","19,000","19,300","19,350","18,700",,,"42,040",794,-,
15/05/2019,"19,350","100,100","1,908","1,097","19,200","19,300","19,300","18,900",-50,-0.26,"100,100","1,908",-,
14/05/2019,"19,500","1,930",37,"1,100","19,000","19,350","19,400","18,900",-150,-0.77,"1,930",37,-,
13/05/2019,"19,550","18,430",351,"1,108","19,000","19,500","19,500","18,950",-50,-0.26,"18,430",351,-,
10/05/2019,"19,500","14,890",287,"1,111","19,500","19,550","19,600","19,000",50,0.26,"14,890",287,-,
09/05/2019,"19,650","70,810","1,363","1,108","19,050","19,500","19,650","18,800",-150,-0.76,"70,810","1,363",-,
08/05/2019,"19,750","14,090",268,"1,117","19,100","19,650","19,750","18,900",-100,-0.51,"14,090",268,-,
07/05/2019,"19,650","7,200",138,"1,122","20,300","19,750","20,300","19,000",100,0.51,"7,200",138,-,
06/05/2019,"20,000","39,840",758,"1,117","19,050","19,650","19,800","18,900",-350,-1.75,"39,840",758,-,
03/05/2019,"20,000","2,830",55,"1,137","19,200","20,000","20,000","19,200",,,"2,830",55,-,
02/05/2019,"20,000","4,520",90,"1,137","19,050","20,000","20,000","19,050",,,"4,520",90,-,
