29/04/2021,"19,450","122,600","2,537","1,464","20,700","20,800","20,800","20,000","1,350",6.94,"122,600","2,537",-,
28/04/2021,"18,200","33,500",630,"1,369","18,200","19,450","19,450","17,550","1,250",6.87,"33,500",630,-,
27/04/2021,"18,800","45,300",809,"1,281","18,800","18,200","18,800","17,500",-600,-3.19,"45,300",809,-,
26/04/2021,"19,100","101,000","1,823","1,323","18,000","18,800","19,100","17,800",-300,-1.57,"101,000","1,823",-,
23/04/2021,"20,150","111,900","2,100","1,344","19,000","19,100","20,000","18,750","-1,050",-5.21,"111,900","2,100",-,
22/04/2021,"21,650","131,900","2,665","1,418","20,150","20,150","21,000","20,150","-1,500",-6.93,"131,900","2,665",-,
20/04/2021,"23,250","144,600","3,161","1,523","21,650","21,650","23,000","21,650","-1,600",-6.88,"144,600","3,161",-,
19/04/2021,"25,000","124,900","2,939","1,636","23,250","23,250","26,500","23,250","-1,750",-7,"124,900","2,939",-,
16/04/2021,"24,600","152,400","3,726","1,759","26,300","25,000","26,300","22,900",400,1.63,"152,400","3,726",-,
15/04/2021,"23,000","290,900","7,152","1,731","24,600","24,600","24,600","24,000","1,600",6.96,"290,900","7,152",-,
14/04/2021,"21,500","209,400","4,239","1,618","20,000","23,000","23,000","20,000","1,500",6.98,"209,400","4,239",-,
13/04/2021,"23,100","15,900",342,"1,513","21,500","21,500","21,500","21,500","-1,600",-6.93,"15,900",342,-,
12/04/2021,"24,800","38,100",880,"1,626","23,100","23,100","23,100","23,100","-1,700",-6.85,"38,100",880,-,
09/04/2021,"26,650","22,100",548,"1,745","24,800","24,800","24,800","24,800","-1,850",-6.94,"22,100",548,-,
08/04/2021,"28,650","304,900","8,738","1,875","30,650","26,650","30,650","26,650","-2,000",-6.98,"304,900","8,738",-,
07/04/2021,"26,800","34,200",980,"2,016","28,650","28,650","28,650","28,650","1,850",6.9,"34,200",980,-,
06/04/2021,"25,050","72,800","1,951","1,886","26,800","26,800","26,800","26,800","1,750",6.99,"72,800","1,951",-,
05/04/2021,"23,450","25,300",634,"1,763","25,050","25,050","25,050","25,050","1,600",6.82,"25,300",634,-,
02/04/2021,"21,950","105,700","2,479","1,650","23,450","23,450","23,450","23,450","1,500",6.83,"105,700","2,479",-,
01/04/2021,"20,550","42,600",935,"1,545","21,950","21,950","21,950","21,950","1,400",6.81,"42,600",935,-,
31/03/2021,"19,250","61,000","1,254","1,446","20,550","20,550","20,550","20,550","1,300",6.75,"61,000","1,254",-,
30/03/2021,"18,000","17,300",333,"1,355","19,250","19,250","19,250","19,250","1,250",6.94,"17,300",333,-,
29/03/2021,"16,850","11,100",200,"1,267","18,000","18,000","18,000","18,000","1,150",6.82,"11,100",200,-,
26/03/2021,"15,750","409,400","6,118","1,186","14,650","16,850","16,850","14,650","1,100",6.98,"409,400","6,118",-,
25/03/2021,"16,900","15,800",249,"1,108","15,750","15,750","15,750","15,750","-1,150",-6.8,"15,800",249,-,
24/03/2021,"18,150","5,600",95,"1,189","16,900","16,900","16,900","16,900","-1,250",-6.89,"5,600",95,-,
23/03/2021,"19,500","3,900",71,"1,277","18,150","18,150","18,150","18,150","-1,350",-6.92,"3,900",71,-,
22/03/2021,"20,950","3,300",64,"1,372","19,500","19,500","19,500","19,500","-1,450",-6.92,"3,300",64,-,
19/03/2021,"22,500","15,200",318,"1,474","20,950","20,950","20,950","20,950","-1,550",-6.89,"15,200",318,-,
18/03/2021,"24,150","5,300",119,"1,583","22,500","22,500","22,500","22,500","-1,650",-6.83,"5,300",119,-,
17/03/2021,"25,950","2,800",68,"1,699","24,150","24,150","24,150","24,150","-1,800",-6.94,"2,800",68,-,
16/03/2021,"27,900","4,300",112,"1,826","25,950","25,950","25,950","25,950","-1,950",-6.99,"4,300",112,-,
15/03/2021,"29,950","7,200",201,"1,963","27,900","27,900","27,900","27,900","-2,050",-6.84,"7,200",201,-,
12/03/2021,"32,200",900,27,"2,108","29,950","29,950","29,950","29,950","-2,250",-6.99,900,27,-,
11/03/2021,"34,600","1,700",55,"2,266","32,200","32,200","32,200","32,200","-2,400",-6.94,"1,700",55,-,
10/03/2021,"37,200",800,28,"2,435","34,600","34,600","34,600","34,600","-2,600",-6.99,800,28,-,
09/03/2021,"39,950","2,200",83,"2,618","39,950","37,200","39,950","37,200","-2,750",-6.88,"2,200",83,-,
08/03/2021,"42,950","1,400",56,"2,811","39,950","39,950","39,950","39,950","-3,000",-6.98,"1,400",56,-,
05/03/2021,"46,150","302,200","14,333","3,022","49,350","42,950","49,350","42,950","-3,200",-6.93,"302,200","14,333",-,
04/03/2021,"43,150","44,200","2,040","3,248","46,150","46,150","46,150","46,150","3,000",6.95,"44,200","2,040",-,
03/03/2021,"40,350","89,300","3,853","3,036","43,150","43,150","43,150","43,150","2,800",6.94,"89,300","3,853",-,
02/03/2021,"37,750","35,300","1,424","2,839","40,350","40,350","40,350","40,350","2,600",6.89,"35,300","1,424",-,
01/03/2021,"35,300","121,630","4,467","2,656","37,750","37,750","37,750","37,750","2,450",6.94,"96,300","3,635","25,330",832
26/02/2021,"33,000","267,500","9,438","2,484","35,300","35,300","35,300","33,500","2,300",6.97,"267,500","9,438",-,
25/02/2021,"30,850","20,500",677,"2,322","33,000","33,000","33,000","33,000","2,150",6.97,"20,500",677,-,
24/02/2021,"28,850","25,100",774,"2,171","30,850","30,850","30,850","30,850","2,000",6.93,"25,100",774,-,
23/02/2021,"27,000","119,000","3,433","2,030","28,850","28,850","28,850","28,850","1,850",6.85,"119,000","3,433",-,
22/02/2021,"25,250","50,400","1,361","1,900","27,000","27,000","27,000","27,000","1,750",6.93,"50,400","1,361",-,
19/02/2021,"23,600","184,200","4,650","1,777","25,250","25,250","25,250","25,000","1,650",6.99,"184,200","4,650",-,
18/02/2021,"22,100","18,200",430,"1,661","23,600","23,600","23,600","23,600","1,500",6.79,"18,200",430,-,
17/02/2021,"20,700","22,400",495,"1,555","22,100","22,100","22,100","22,100","1,400",6.76,"22,400",495,-,
09/02/2021,"19,350","85,100","1,745","1,457","20,700","20,700","20,700","19,350","1,350",6.98,"85,100","1,745",-,
08/02/2021,"18,100","11,400",221,"1,362","19,350","19,350","19,350","19,350","1,250",6.91,"11,400",221,-,
05/02/2021,"16,950","2,200",40,"1,274","18,100","18,100","18,100","18,100","1,150",6.78,"2,200",40,-,
04/02/2021,"15,850","16,600",281,"1,193","16,950","16,950","16,950","16,950","1,100",6.94,"16,600",281,-,
03/02/2021,"14,850","3,200",51,"1,115","15,850","15,850","15,850","15,850","1,000",6.73,"3,200",51,-,
02/02/2021,"13,900","27,100",402,"1,045","14,850","14,850","14,850","14,850",950,6.83,"27,100",402,-,
01/02/2021,"13,000","30,200",420,978,"13,900","13,900","13,900","13,900",900,6.92,"30,200",420,-,
29/01/2021,"12,150","31,500",410,915,"13,000","13,000","13,000","13,000",850,7,"31,500",410,-,
28/01/2021,"11,400","63,400",765,855,"12,150","12,150","12,150","11,400",750,6.58,"63,400",765,-,
27/01/2021,"10,700","128,900","1,469",802,"11,400","11,400","11,400","11,300",700,6.54,"128,900","1,469",-,
26/01/2021,"10,000","38,600",413,753,"10,700","10,700","10,700","10,700",700,7,"38,600",413,-,
25/01/2021,"9,370","6,600",66,704,"10,000","10,000","10,000","10,000",630,6.72,"6,600",66,-,
22/01/2021,"8,760","108,400","1,016",659,"9,330","9,370","9,370","9,330",610,6.96,"108,400","1,016",-,
21/01/2021,"8,190","11,800",103,616,"8,750","8,760","8,760","8,750",570,6.96,"11,800",103,-,
20/01/2021,"7,660","2,200",18,576,"8,190","8,190","8,190","8,190",530,6.92,"2,200",18,-,
19/01/2021,"7,160","67,900",520,539,"7,660","7,660","7,660","7,660",500,6.98,"67,900",520,-,
18/01/2021,"6,700","1,300",9,504,"7,160","7,160","7,160","7,160",460,6.87,"1,300",9,-,
15/01/2021,"6,270","38,100",255,471,"6,700","6,700","6,700","6,700",430,6.86,"38,100",255,-,
14/01/2021,"5,860","16,500",103,441,"6,270","6,270","6,270","6,270",410,7,"16,500",103,-,
13/01/2021,"5,480","14,300",84,412,"5,860","5,860","5,860","5,860",380,6.93,"14,300",84,-,
12/01/2021,"5,130","48,600",266,386,"5,470","5,480","5,480","5,470",350,6.82,"48,600",266,-,
11/01/2021,"4,800","16,900",86,361,"5,000","5,130","5,130","4,800",330,6.88,"16,900",86,-,
08/01/2021,"4,700","2,000",10,338,"4,760","4,800","5,000","4,760",100,2.13,"2,000",10,-,
07/01/2021,"4,800","2,800",14,331,"4,800","4,700","5,000","4,700",-100,-2.08,"2,800",14,-,
06/01/2021,"4,950","6,900",34,338,"4,630","4,800","5,000","4,630",-150,-3.03,"6,900",34,-,
05/01/2021,"5,300","4,400",22,348,"5,450","4,950","5,450","4,950",-350,-6.6,"4,400",22,-,
04/01/2021,"5,000","14,000",68,373,"4,800","5,300","5,300","4,700",300,6,"14,000",68,-,
31/12/2020,"4,700","4,980",24,352,"4,790","5,000","5,000","4,780",300,6.38,"4,980",24,-,
30/12/2020,"4,500","38,140",178,331,"4,500","4,700","4,810","4,500",200,4.44,"38,140",178,-,
29/12/2020,"4,360","3,370",15,317,"4,360","4,500","4,510","4,360",140,3.21,"3,370",15,-,
28/12/2020,"4,560",340,2,307,"4,260","4,360","4,560","4,260",-200,-4.39,340,2,-,
25/12/2020,"4,500","14,260",65,321,"4,580","4,560","4,580","4,310",60,1.33,"14,260",65,-,
24/12/2020,"4,500","5,270",23,317,"4,500","4,500","4,500","4,400",,,"5,270",23,-,
23/12/2020,"4,210","12,230",54,317,"4,300","4,500","4,500","4,210",290,6.89,"12,230",54,-,
22/12/2020,"4,400","4,920",21,296,"4,300","4,210","4,650","4,210",-190,-4.32,"4,920",21,-,
21/12/2020,"4,400","9,500",41,310,"4,390","4,400","4,400","4,310",,,"9,500",41,-,
18/12/2020,"4,400","32,020",135,310,"4,400","4,400","4,400","4,200",,,"32,020",135,-,
17/12/2020,"4,400","3,130",14,310,"4,400","4,400","4,400","4,400",,,"3,130",14,-,
16/12/2020,"4,400","3,040",13,310,"4,400","4,400","4,400","4,200",,,"3,040",13,-,
15/12/2020,"4,400","2,850",12,310,"4,250","4,400","4,400","4,130",,,"2,850",12,-,
14/12/2020,"4,350","1,720",8,310,"4,300","4,400","4,400","4,300",50,1.15,"1,720",8,-,
11/12/2020,"4,200","2,010",9,306,"4,260","4,350","4,350","4,260",150,3.57,"2,010",9,-,
10/12/2020,"4,350",330,1,296,"4,350","4,200","4,350","4,200",-150,-3.45,330,1,-,
09/12/2020,"4,350","7,000",30,306,"4,350","4,350","4,350","4,350",,,"7,000",30,-,
08/12/2020,"4,460","2,440",11,306,"4,400","4,350","4,400","4,350",-110,-2.47,"2,440",11,-,
07/12/2020,"4,400",30,,314,"4,460","4,460","4,460","4,460",60,1.36,30,,-,
04/12/2020,"4,470",610,3,310,"4,470","4,400","4,470","4,300",-70,-1.57,610,3,-,
03/12/2020,"4,400",290,1,315,"4,400","4,470","4,470","4,400",70,1.59,290,1,-,
02/12/2020,"4,250","25,360",107,310,"4,200","4,400","4,400","4,200",150,3.53,"25,360",107,-,
01/12/2020,"4,400","1,400",6,299,"4,250","4,250","4,250","4,250",-150,-3.41,"1,400",6,-,
30/11/2020,"4,400","1,780",8,310,"4,400","4,400","4,400","4,400",,,"1,780",8,-,
27/11/2020,"4,190","7,140",30,310,"4,190","4,400","4,440","4,190",210,5.01,"7,140",30,-,
26/11/2020,"4,490","3,860",17,295,"4,350","4,190","4,350","4,190",-300,-6.68,"3,860",17,-,
25/11/2020,"4,490",-,,316,"4,490","4,490","4,490","4,490",,,,,-,
24/11/2020,"4,230","1,330",6,316,"4,350","4,490","4,490","4,350",260,6.15,"1,330",6,-,
23/11/2020,"4,450","8,080",35,298,"4,460","4,230","4,460","4,230",-220,-4.94,"8,080",35,-,
20/11/2020,"4,450","3,210",14,313,"4,410","4,450","4,450","4,410",,,"3,210",14,-,
19/11/2020,"4,410","3,580",16,313,"4,450","4,450","4,450","4,450",40,0.91,"3,580",16,-,
18/11/2020,"4,700","1,030",5,310,"4,700","4,410","4,700","4,410",-290,-6.17,"1,030",5,-,
17/11/2020,"4,400",240,1,331,"4,340","4,700","4,700","4,120",300,6.82,240,1,-,
16/11/2020,"4,650","6,290",29,310,"4,660","4,400","4,660","4,400",-250,-5.38,"6,290",29,-,
13/11/2020,"4,350",840,4,327,"4,550","4,650","4,650","4,360",300,6.9,840,4,-,
12/11/2020,"4,400",100,,306,"4,360","4,350","4,360","4,350",-50,-1.14,100,,-,
11/11/2020,"4,500","2,700",12,310,"4,370","4,400","4,400","4,370",-100,-2.22,"2,700",12,-,
10/11/2020,"4,800","1,460",7,317,"4,480","4,500","5,130","4,480",-300,-6.25,"1,460",7,-,
09/11/2020,"4,980",300,1,338,"4,640","4,800","4,800","4,640",-180,-3.61,300,1,-,
06/11/2020,"4,980",-,,350,"4,980","4,980","4,980","4,980",,,,,-,
05/11/2020,"4,660","1,660",8,350,"4,500","4,980","4,980","4,360",320,6.87,"1,660",8,-,
04/11/2020,"5,010",400,2,328,"4,660","4,660","4,660","4,660",-350,-6.99,400,2,-,
03/11/2020,"5,350",10,,353,"5,010","5,010","5,010","5,010",-340,-6.36,10,,-,
02/11/2020,"5,410","3,690",19,376,"5,380","5,350","5,380","5,040",-60,-1.11,"3,690",19,-,
30/10/2020,"5,090","1,220",6,381,"4,740","5,410","5,410","4,740",320,6.29,"1,220",6,-,
29/10/2020,"5,090",-,,358,"5,090","5,090","5,090","5,090",,,,,-,
28/10/2020,"4,780","2,020",9,358,"5,100","5,090","5,100","4,450",310,6.49,"2,020",9,-,
27/10/2020,"4,480","1,390",6,336,"4,170","4,780","4,780","4,170",300,6.7,"1,390",6,-,
26/10/2020,"4,480",-,,315,"4,480","4,480","4,480","4,480",,,,,-,
23/10/2020,"4,480",20,,315,"4,480","4,480","4,480","4,480",,,20,,-,
22/10/2020,"4,480",-,,315,"4,480","4,480","4,480","4,480",,,,,-,
21/10/2020,"4,810",210,1,315,"4,480","4,480","4,480","4,480",-330,-6.86,210,1,-,
20/10/2020,"4,500",520,3,338,"4,810","4,810","4,810","4,810",310,6.89,520,3,-,
19/10/2020,"4,500",-,,317,"4,500","4,500","4,500","4,500",,,,,-,
16/10/2020,"4,500",-,,317,"4,500","4,500","4,500","4,500",,,,,-,
15/10/2020,"4,410","1,000",5,317,"4,500","4,500","4,500","4,500",90,2.04,"1,000",5,-,
14/10/2020,"4,410",-,,310,"4,410","4,410","4,410","4,410",,,,,-,
13/10/2020,"4,700",90,,310,"4,410","4,410","4,410","4,410",-290,-6.17,90,,-,
12/10/2020,"4,700","1,150",5,331,"4,700","4,700","4,700","4,700",,,"1,150",5,-,
09/10/2020,"4,810","1,110",5,331,"4,700","4,700","4,700","4,700",-110,-2.29,"1,110",5,-,
08/10/2020,"5,130","3,040",15,338,"4,800","4,810","4,810","4,800",-320,-6.24,"3,040",15,-,
07/10/2020,"5,000","11,860",59,361,"5,000","5,130","5,130","4,700",130,2.6,"11,860",59,-,
06/10/2020,"4,700","1,380",6,352,"4,500","5,000","5,000","4,500",300,6.38,"1,380",6,-,
05/10/2020,"4,700",-,,331,"4,700","4,700","4,700","4,700",,,,,-,
02/10/2020,"4,700",-,,331,"4,700","4,700","4,700","4,700",,,,,-,
01/10/2020,"4,880",210,1,331,"4,700","4,700","4,700","4,700",-180,-3.69,210,1,-,
30/09/2020,"4,880",-,,343,"4,880","4,880","4,880","4,880",,,,,-,
29/09/2020,"4,880",-,,343,"4,880","4,880","4,880","4,880",,,,,-,
28/09/2020,"4,880",-,,343,"4,880","4,880","4,880","4,880",,,,,-,
25/09/2020,"4,880",-,,343,"4,880","4,880","4,880","4,880",,,,,-,
24/09/2020,"4,570",560,2,343,"4,270","4,880","4,880","4,260",310,6.78,560,2,-,
23/09/2020,"4,910",270,1,322,"4,570","4,570","4,570","4,570",-340,-6.92,270,1,-,
22/09/2020,"4,910",-,,346,"4,910","4,910","4,910","4,910",,,,,-,
21/09/2020,"4,910",500,2,346,"4,910","4,910","4,910","4,910",,,500,2,-,
18/09/2020,"5,150",100,,346,"4,910","4,910","4,910","4,910",-240,-4.66,100,,-,
17/09/2020,"5,000","1,500",8,362,"5,000","5,150","5,150","5,000",150,3,"1,500",8,-,
16/09/2020,"5,000",830,4,352,"5,000","5,000","5,000","5,000",,,830,4,-,
15/09/2020,"4,980",510,3,352,"5,000","5,000","5,000","5,000",20,0.4,510,3,-,
14/09/2020,"4,980",340,2,350,"4,980","4,980","4,980","4,980",,,340,2,-,
11/09/2020,"5,000","1,750",9,350,"4,980","4,980","4,980","4,980",-20,-0.4,"1,750",9,-,
10/09/2020,"4,900","6,890",35,352,"5,000","5,000","5,100","4,810",100,2.04,"6,890",35,-,
09/09/2020,"5,000",20,,345,"4,900","4,900","4,900","4,900",-100,-2,20,,-,
08/09/2020,"5,340",940,5,352,"5,330","5,000","5,330","5,000",-340,-6.37,940,5,-,
07/09/2020,"5,000",480,2,376,"4,700","5,340","5,340","4,700",340,6.8,480,2,-,
04/09/2020,"4,910","1,400",7,352,"5,250","5,000","5,250","4,910",90,1.83,"1,400",7,-,
03/09/2020,"4,590","9,710",48,346,"4,910","4,910","4,910","4,910",320,6.97,"9,710",48,-,
01/09/2020,"4,290","1,550",7,323,"4,020","4,590","4,590","4,020",300,6.99,"1,550",7,-,
31/08/2020,"4,600",630,3,302,"4,600","4,290","4,600","4,290",-310,-6.74,630,3,-,
28/08/2020,"4,300","1,350",6,324,"4,400","4,600","4,600","4,400",300,6.98,"1,350",6,-,
27/08/2020,"4,300",790,3,303,"4,300","4,300","4,300","4,300",,,790,3,-,
26/08/2020,"4,350","3,320",14,303,"4,300","4,300","4,300","4,300",-50,-1.15,"3,320",14,-,
25/08/2020,"4,580","1,930",8,306,"4,300","4,350","4,850","4,300",-230,-5.02,"1,930",8,-,
24/08/2020,"4,330",140,1,322,"4,600","4,580","4,600","4,060",250,5.77,140,1,-,
21/08/2020,"4,110","13,180",52,305,"4,370","4,330","4,370","3,830",220,5.35,"13,180",52,-,
20/08/2020,"4,400",790,3,289,"4,570","4,110","4,570","4,110",-290,-6.59,790,3,-,
19/08/2020,"4,140",210,1,310,"4,400","4,400","4,400","4,400",260,6.28,210,1,-,
18/08/2020,"4,450","9,010",39,291,"4,740","4,140","4,740","4,140",-310,-6.97,"9,010",39,-,
17/08/2020,"4,200","1,590",7,313,"4,200","4,450","4,480","3,960",250,5.95,"1,590",7,-,
14/08/2020,"4,450",700,3,296,"4,390","4,200","4,390","4,200",-250,-5.62,700,3,-,
13/08/2020,"4,450","1,850",8,313,"4,390","4,450","4,450","4,390",,,"1,850",8,-,
12/08/2020,"4,710","1,210",5,313,"4,410","4,450","4,910","4,400",-260,-5.52,"1,210",5,-,
11/08/2020,"5,050","3,520",17,331,"5,050","4,710","5,140","4,700",-340,-6.73,"3,520",17,-,
10/08/2020,"5,430",540,3,355,"5,050","5,050","5,050","5,050",-380,-7,540,3,-,
07/08/2020,"5,480",630,3,382,"5,100","5,430","5,430","5,100",-50,-0.91,630,3,-,
06/08/2020,"5,480","1,120",6,386,"5,100","5,480","5,480","5,100",,,"1,120",6,-,
05/08/2020,"5,240","2,850",15,386,"5,330","5,480","5,480","5,280",240,4.58,"2,850",15,-,
04/08/2020,"4,990","3,390",16,369,"5,300","5,240","5,300","4,650",250,5.01,"3,390",16,-,
03/08/2020,"5,340","1,050",5,351,"5,660","4,990","5,660","4,990",-350,-6.55,"1,050",5,-,
31/07/2020,"5,340",900,5,376,"5,300","5,340","5,340","4,980",,,900,5,-,
30/07/2020,"5,050","3,340",16,376,"4,800","5,340","5,340","4,700",290,5.74,"3,340",16,-,
29/07/2020,"5,400","1,210",6,355,"5,030","5,050","5,050","5,030",-350,-6.48,"1,210",6,-,
28/07/2020,"5,400",-,,380,"5,400","5,400","5,400","5,400",,,,,-,
27/07/2020,"5,070","2,100",10,380,"4,720","5,400","5,400","4,720",330,6.51,"2,100",10,-,
24/07/2020,"5,450","3,370",18,357,"5,830","5,070","5,830","5,070",-380,-6.97,"3,370",18,-,
23/07/2020,"5,170","6,530",35,384,"5,530","5,450","5,530","4,810",280,5.42,"6,530",35,-,
22/07/2020,"4,840","2,330",12,364,"5,170","5,170","5,170","5,170",330,6.82,"2,330",12,-,
21/07/2020,"4,530","2,080",10,341,"4,840","4,840","4,840","4,840",310,6.84,"2,080",10,-,
20/07/2020,"4,240","2,520",11,319,"4,530","4,530","4,530","4,500",290,6.84,"2,520",11,-,
17/07/2020,"3,970","1,180",5,298,"4,010","4,240","4,240","4,010",270,6.8,"1,180",5,-,
16/07/2020,"3,970",-,,279,"3,970","3,970","3,970","3,970",,,,,-,
15/07/2020,"3,930",10,,279,"3,970","3,970","3,970","3,970",40,1.02,10,,-,
14/07/2020,"4,200",100,,277,"3,930","3,930","3,930","3,930",-270,-6.43,100,,-,
13/07/2020,"4,200",-,,296,"4,200","4,200","4,200","4,200",,,,,-,
10/07/2020,"4,500","1,690",7,296,"4,220","4,200","4,220","4,200",-300,-6.67,"1,690",7,-,
09/07/2020,"4,480",620,3,317,"4,500","4,500","4,500","4,500",20,0.45,620,3,-,
08/07/2020,"4,200","1,550",7,315,"4,400","4,480","4,480","4,400",280,6.67,"1,550",7,-,
07/07/2020,"4,500","1,000",4,296,"4,210","4,200","4,210","4,200",-300,-6.67,"1,000",4,-,
06/07/2020,"4,530",50,,317,"4,500","4,500","4,500","4,500",-30,-0.66,50,,-,
03/07/2020,"4,840",340,2,319,"4,520","4,530","4,530","4,510",-310,-6.4,340,2,-,
02/07/2020,"4,840",210,1,341,"4,540","4,840","4,840","4,520",,,210,1,-,
01/07/2020,"5,200",840,4,341,"4,900","4,840","4,900","4,840",-360,-6.92,840,4,-,
30/06/2020,"5,200",-,,366,"5,200","5,200","5,200","5,200",,,,,-,
29/06/2020,"5,290",330,2,366,"4,920","5,200","5,200","4,920",-90,-1.7,330,2,-,
26/06/2020,"5,330",600,3,372,"4,960","5,290","5,300","4,960",-40,-0.75,600,3,-,
25/06/2020,"5,000",130,1,375,"5,340","5,330","5,340","5,330",330,6.6,130,1,-,
24/06/2020,"5,000","1,880",10,352,"5,000","5,000","5,340","5,000",,,"1,880",10,-,
23/06/2020,"4,850",870,4,352,"4,530","5,000","5,000","4,530",150,3.09,870,4,-,
22/06/2020,"4,550",800,4,341,"4,730","4,850","4,850","4,730",300,6.59,800,4,-,
19/06/2020,"4,890","2,850",13,320,"4,560","4,550","4,900","4,550",-340,-6.95,"2,850",13,-,
18/06/2020,"4,710",220,1,344,"4,990","4,890","5,000","4,420",180,3.82,220,1,-,
17/06/2020,"5,000","1,410",7,331,"4,650","4,710","4,710","4,650",-290,-5.8,"1,410",7,-,
16/06/2020,"4,750",220,1,352,"4,420","5,000","5,000","4,420",250,5.26,220,1,-,
15/06/2020,"4,770",230,1,334,"4,750","4,750","4,750","4,750",-20,-0.42,230,1,-,
12/06/2020,"4,720",540,3,336,"4,720","4,770","4,770","4,720",50,1.06,540,3,-,
11/06/2020,"4,720","2,570",12,332,"4,720","4,720","4,720","4,720",,,"2,570",12,-,
10/06/2020,"4,480","7,010",31,332,"4,780","4,720","4,780","4,310",240,5.36,"7,010",31,-,
09/06/2020,"4,200","1,620",7,315,"4,280","4,480","4,480","4,280",280,6.67,"1,620",7,-,
08/06/2020,"3,940",480,2,296,"3,940","4,200","4,200","3,940",260,6.6,480,2,-,
05/06/2020,"3,940",-,,277,"3,940","3,940","3,940","3,940",,,,,-,
04/06/2020,"4,230",210,1,277,"3,940","3,940","3,940","3,940",-290,-6.86,210,1,-,
03/06/2020,"4,230",-,,298,"4,230","4,230","4,230","4,230",,,,,-,
02/06/2020,"4,150",70,,298,"4,350","4,230","4,350","4,020",80,1.93,70,,-,
01/06/2020,"4,100",710,3,292,"4,330","4,150","4,330","4,150",50,1.22,710,3,-,
29/05/2020,"4,060",110,,289,"4,100","4,100","4,100","4,100",40,0.99,110,,-,
28/05/2020,"4,350",80,,286,"4,060","4,060","4,060","4,060",-290,-6.67,80,,-,
27/05/2020,"4,670",300,1,306,"4,350","4,350","4,350","4,350",-320,-6.85,300,1,-,
26/05/2020,"4,380","1,060",4,329,"4,380","4,670","4,670","4,080",290,6.62,"1,060",4,-,
25/05/2020,"4,700",420,2,308,"4,380","4,380","4,380","4,380",-320,-6.81,420,2,-,
22/05/2020,"4,700",-,,331,"4,700","4,700","4,700","4,700",,,,,-,
21/05/2020,"4,590",60,,331,"4,270","4,700","4,700","4,270",110,2.4,60,,-,
20/05/2020,"4,500",100,,323,"4,500","4,590","4,590","4,500",90,2,100,,-,
19/05/2020,"4,360",10,,317,"4,500","4,500","4,500","4,500",140,3.21,10,,-,
18/05/2020,"4,090",530,2,307,"4,000","4,360","4,360","4,000",270,6.6,530,2,-,
15/05/2020,"4,090",120,,288,"4,090","4,090","4,090","4,090",,,120,,-,
14/05/2020,"4,380",400,2,288,"4,380","4,090","4,380","4,090",-290,-6.62,400,2,-,
13/05/2020,"4,380",110,,308,"4,380","4,380","4,380","4,380",,,110,,-,
12/05/2020,"4,380",-,,308,"4,380","4,380","4,380","4,380",,,,,-,
11/05/2020,"4,380",100,,308,"4,380","4,380","4,400","4,380",,,100,,-,
08/05/2020,"4,100",100,,308,"4,380","4,380","4,380","4,380",280,6.83,100,,-,
07/05/2020,"4,230","145,570",640,289,"4,230","4,100","4,400","4,100",-130,-3.07,"145,570",640,-,
06/05/2020,"4,540","2,220",9,298,"4,230","4,230","4,230","4,230",-310,-6.83,"2,220",9,-,
05/05/2020,"4,880",20,,319,"4,540","4,540","4,540","4,540",-340,-6.97,20,,-,
04/05/2020,"4,670",160,1,343,"4,350","4,880","4,880","4,350",210,4.5,160,1,-,
29/04/2020,"4,600",30,,329,"4,670","4,670","4,700","4,670",70,1.52,30,,-,
28/04/2020,"4,500",50,,324,"4,600","4,600","4,600","4,600",100,2.22,50,,-,
27/04/2020,"4,280","2,010",8,317,"4,020","4,500","4,500","3,990",220,5.14,"2,010",8,-,
24/04/2020,"4,280",-,,301,"4,280","4,280","4,280","4,280",,,,,-,
23/04/2020,"4,280",-,,301,"4,280","4,280","4,280","4,280",,,,,-,
22/04/2020,"4,280",-,,301,"4,280","4,280","4,280","4,280",,,,,-,
21/04/2020,"4,280",-,,301,"4,280","4,280","4,280","4,280",,,,,-,
20/04/2020,"4,010",120,1,301,"4,290","4,280","4,290","4,280",270,6.73,120,1,-,
17/04/2020,"4,000",110,,282,"4,270","4,010","4,270","4,010",10,0.25,110,,-,
16/04/2020,"4,000",-,,281,"4,000","4,000","4,000","4,000",,,,,-,
15/04/2020,"4,000","1,060",4,281,"4,000","4,000","4,000","4,000",,,"1,060",4,-,
14/04/2020,"3,800",20,,281,"4,000","4,000","4,000","4,000",200,5.26,20,,-,
13/04/2020,"3,800",-,,267,"3,800","3,800","3,800","3,800",,,,,-,
10/04/2020,"3,990","1,500",6,267,"3,790","3,800","3,900","3,790",-190,-4.76,"1,500",6,-,
09/04/2020,"3,990","2,080",8,281,"3,930","3,990","3,990","3,720",,,"2,080",8,-,
08/04/2020,"4,280",10,,281,"3,990","3,990","3,990","3,990",-290,-6.78,10,,-,
07/04/2020,"4,270",340,1,301,"4,280","4,280","4,280","4,280",10,0.23,340,1,-,
06/04/2020,"4,550","2,110",9,300,"4,240","4,270","4,500","4,240",-280,-6.15,"2,110",9,-,
03/04/2020,"4,270",670,3,320,"4,270","4,550","4,560","4,270",280,6.56,670,3,-,
01/04/2020,"4,590",380,2,300,"4,270","4,270","4,590","4,270",-320,-6.97,380,2,-,
31/03/2020,"4,330","2,300",9,323,"4,030","4,590","4,600","4,030",260,6,"2,300",9,-,
30/03/2020,"4,650",520,2,305,"4,350","4,330","4,350","4,330",-320,-6.88,520,2,-,
27/03/2020,"5,000","1,030",5,327,"4,650","4,650","5,300","4,650",-350,-7,"1,030",5,-,
26/03/2020,"4,810",40,,352,"5,000","5,000","5,000","5,000",190,3.95,40,,-,
25/03/2020,"4,830",60,,338,"5,000","4,810","5,000","4,560",-20,-0.41,60,,-,
24/03/2020,"4,520","1,070",5,340,"4,210","4,830","4,830","4,210",310,6.86,"1,070",5,-,
23/03/2020,"4,850","1,010",5,318,"4,530","4,520","4,540","4,520",-330,-6.8,"1,010",5,-,
20/03/2020,"5,210","1,770",9,341,"4,900","4,850","4,900","4,850",-360,-6.91,"1,770",9,-,
19/03/2020,"5,600","131,150",734,367,"5,210","5,210","5,600","5,210",-390,-6.96,"131,150",734,-,
18/03/2020,"5,490",20,,394,"5,600","5,600","5,600","5,600",110,2,20,,-,
17/03/2020,"5,230",680,4,386,"5,490","5,490","5,490","5,490",260,4.97,680,4,-,
16/03/2020,"4,890","1,160",5,368,"4,550","5,230","5,230","4,550",340,6.95,"1,160",5,-,
13/03/2020,"5,250",80,,344,"4,890","4,890","4,890","4,890",-360,-6.86,80,,-,
12/03/2020,"5,640",150,1,369,"5,270","5,250","5,270","5,250",-390,-6.91,150,1,-,
11/03/2020,"5,640",-,,397,"5,640","5,640","5,640","5,640",,,,,-,
10/03/2020,"6,060",560,3,397,"5,640","5,640","5,640","5,640",-420,-6.93,560,3,-,
09/03/2020,"6,060",-,,426,"6,060","6,060","6,060","6,060",,,,,-,
06/03/2020,"6,510",330,2,426,"6,060","6,060","6,060","6,060",-450,-6.91,330,2,-,
05/03/2020,"6,510",10,,458,"6,510","6,510","6,510","6,510",,,10,,-,
04/03/2020,"7,000",100,1,458,"6,510","6,510","6,510","6,510",-490,-7,100,1,-,
03/03/2020,"7,000",-,,493,"7,000","7,000","7,000","7,000",,,,,-,
02/03/2020,"6,800","7,080",48,493,"6,330","7,000","7,000","6,330",200,2.94,"7,080",48,-,
28/02/2020,"6,380","3,010",18,479,"5,940","6,800","6,800","5,940",420,6.58,"3,010",18,-,
27/02/2020,"6,380",-,,449,"6,380","6,380","6,380","6,380",,,,,-,
26/02/2020,"6,380",-,,449,"6,380","6,380","6,380","6,380",,,,,-,
25/02/2020,"6,380",-,,449,"6,380","6,380","6,380","6,380",,,,,-,
24/02/2020,"6,370","2,900",18,449,"5,930","6,380","6,380","5,930",10,0.16,"2,900",18,-,
21/02/2020,"5,970",890,5,448,"5,800","6,370","6,370","5,800",400,6.7,890,5,-,
20/02/2020,"5,580","2,090",11,420,"5,580","5,970","5,970","5,190",390,6.99,"2,090",11,-,
19/02/2020,"6,000","138,740",775,393,"6,000","5,580","6,420","5,580",-420,-7,"2,740",16,"136,000",759
18/02/2020,"6,000",-,,422,"6,000","6,000","6,000","6,000",,,,,-,
17/02/2020,"6,400","1,130",7,422,"6,420","6,000","6,420","5,960",-400,-6.25,"1,130",7,-,
14/02/2020,"5,990","3,200",19,450,"5,990","6,400","6,400","5,900",410,6.84,"3,200",19,-,
13/02/2020,"5,600","2,600",15,422,"5,410","5,990","5,990","5,400",390,6.96,"2,600",15,-,
12/02/2020,"5,400",200,1,394,"5,770","5,600","5,770","5,600",200,3.7,200,1,-,
11/02/2020,"5,400",-,,380,"5,400","5,400","5,400","5,400",,,,,-,
10/02/2020,"5,520",30,,380,"5,850","5,400","5,850","5,400",-120,-2.17,30,,-,
07/02/2020,"5,850",10,,388,"5,520","5,520","5,520","5,520",-330,-5.64,10,,-,
06/02/2020,"5,920",510,3,412,"6,330","5,850","6,330","5,850",-70,-1.18,510,3,-,
05/02/2020,"5,540","5,000",30,417,"5,920","5,920","5,920","5,920",380,6.86,"5,000",30,-,
04/02/2020,"5,180",390,2,390,"5,540","5,540","5,540","5,540",360,6.95,390,2,-,
03/02/2020,"5,180",-,,365,"5,180","5,180","5,180","5,180",,,,,-,
31/01/2020,"5,180",-,,365,"5,180","5,180","5,180","5,180",,,,,-,
30/01/2020,"5,560",10,,365,"5,180","5,180","5,180","5,180",-380,-6.83,10,,-,
22/01/2020,"5,560",-,,391,"5,560","5,560","5,560","5,560",,,,,-,
21/01/2020,"5,970",50,,391,"5,560","5,560","5,560","5,560",-410,-6.87,50,,-,
20/01/2020,"5,970",-,,420,"5,970","5,970","5,970","5,970",,,,,-,
17/01/2020,"5,580","2,000",12,420,"5,570","5,970","5,970","5,570",390,6.99,"2,000",12,-,
16/01/2020,"6,000",50,,393,"5,580","5,580","5,580","5,580",-420,-7,50,,-,
15/01/2020,"5,830",630,4,422,"5,440","6,000","6,000","5,430",170,2.92,630,4,-,
14/01/2020,"5,830",-,,410,"5,830","5,830","5,830","5,830",,,,,-,
13/01/2020,"5,830",-,,410,"5,830","5,830","5,830","5,830",,,,,-,
10/01/2020,"5,830",190,1,410,"5,830","5,830","5,830","5,830",,,190,1,-,
09/01/2020,"5,500","2,300",13,410,"5,490","5,830","5,880","5,490",330,6,"2,300",13,-,
08/01/2020,"5,240","2,000",11,387,"5,240","5,500","5,500","5,240",260,4.96,"2,000",11,-,
07/01/2020,"4,900",600,3,369,"5,220","5,240","5,240","5,220",340,6.94,600,3,-,
06/01/2020,"4,900",-,,345,"4,900","4,900","4,900","4,900",,,,,-,
03/01/2020,"5,250",10,,345,"4,900","4,900","4,900","4,900",-350,-6.67,10,,-,
02/01/2020,"4,920",10,,369,"5,250","5,250","5,250","5,250",330,6.71,10,,-,
31/12/2019,"5,280",960,5,346,"4,920","4,920","4,920","4,920",-360,-6.82,960,5,-,
30/12/2019,"4,960",10,,372,"5,280","5,280","5,280","5,280",320,6.45,10,,-,
27/12/2019,"5,330",680,3,349,"4,960","4,960","4,960","4,960",-370,-6.94,680,3,-,
26/12/2019,"5,090",310,2,375,"5,330","5,330","5,330","5,330",240,4.72,310,2,-,
25/12/2019,"4,760","6,310",31,358,"4,700","5,090","5,090","4,430",330,6.93,"6,310",31,-,
24/12/2019,"5,000",130,1,335,"4,760","4,760","4,760","4,760",-240,-4.8,130,1,-,
23/12/2019,"5,000",-,,352,"5,000","5,000","5,000","5,000",,,,,-,
20/12/2019,"5,000",-,,352,"5,000","5,000","5,000","5,000",,,,,-,
19/12/2019,"5,360",40,,352,"5,000","5,000","5,000","5,000",-360,-6.72,40,,-,
18/12/2019,"5,360",70,,377,"5,360","5,360","5,360","5,360",,,70,,-,
17/12/2019,"5,360",70,,377,"5,360","5,360","5,360","5,360",,,70,,-,
16/12/2019,"5,010",370,2,377,"5,350","5,360","5,360","5,350",350,6.99,370,2,-,
13/12/2019,"4,690",50,,353,"5,000","5,010","5,010","5,000",320,6.82,50,,-,
12/12/2019,"5,030",10,,330,"4,690","4,690","4,690","4,690",-340,-6.76,10,,-,
11/12/2019,"5,400",20,,354,"5,030","5,030","5,030","5,030",-370,-6.85,20,,-,
10/12/2019,"5,150",20,,380,"5,400","5,400","5,400","5,400",250,4.85,20,,-,
09/12/2019,"4,820",190,1,362,"5,140","5,150","5,150","5,140",330,6.85,190,1,-,
06/12/2019,"5,180",90,,339,"4,820","4,820","5,180","4,820",-360,-6.95,90,,-,
05/12/2019,"5,560","22,240",132,365,"5,690","5,180","5,690","5,180",-380,-6.83,240,1,"22,000",131
04/12/2019,"5,970",70,,391,"5,560","5,560","5,890","5,560",-410,-6.87,70,,-,
03/12/2019,"5,630",320,2,420,"5,240","5,970","5,970","5,240",340,6.04,320,2,-,
02/12/2019,"5,630",-,,396,"5,630","5,630","5,630","5,630",,,,,-,
29/11/2019,"5,280",310,2,396,"4,920","5,630","5,630","4,920",350,6.63,310,2,-,
28/11/2019,"5,660",100,1,372,"5,280","5,280","5,280","5,280",-380,-6.71,100,1,-,
27/11/2019,"5,660",-,,398,"5,660","5,660","5,660","5,660",,,,,-,
26/11/2019,"6,080","2,130",12,398,"5,660","5,660","5,660","5,660",-420,-6.91,"2,130",12,-,
25/11/2019,"6,080",-,,428,"6,080","6,080","6,080","6,080",,,,,-,
22/11/2019,"6,080",-,,428,"6,080","6,080","6,080","6,080",,,,,-,
21/11/2019,"5,860",50,,428,"5,500","6,080","6,200","5,500",220,3.75,50,,-,
20/11/2019,"5,500","1,130",6,412,"5,130","5,860","5,860","5,120",360,6.55,"1,130",6,-,
19/11/2019,"5,890",300,2,387,"5,890","5,500","5,890","5,500",-390,-6.62,300,2,-,
18/11/2019,"5,950",10,,414,"5,890","5,890","5,890","5,890",-60,-1.01,10,,-,
15/11/2019,"5,950",-,,419,"5,950","5,950","5,950","5,950",,,,,-,
14/11/2019,"5,580",10,,419,"5,950","5,950","5,950","5,950",370,6.63,10,,-,
13/11/2019,"5,990","1,150",6,393,"5,580","5,580","5,580","5,580",-410,-6.84,"1,150",6,-,
12/11/2019,"5,850",220,1,422,"5,450","5,990","5,990","5,450",140,2.39,220,1,-,
11/11/2019,"6,280",20,,412,"6,280","5,850","6,280","5,850",-430,-6.85,20,,-,
08/11/2019,"5,910","1,320",7,442,"6,290","6,280","6,290","5,500",370,6.26,"1,320",7,-,
07/11/2019,"6,350",120,1,416,"5,910","5,910","5,910","5,910",-440,-6.93,120,1,-,
06/11/2019,"6,350",-,,447,"6,350","6,350","6,350","6,350",,,,,-,
05/11/2019,"6,350",-,,447,"6,350","6,350","6,350","6,350",,,,,-,
04/11/2019,"6,360",320,2,447,"6,690","6,350","6,690","5,920",-10,-0.16,320,2,-,
01/11/2019,"5,990",80,,448,"6,000","6,360","6,370","5,580",370,6.18,80,,-,
31/10/2019,"5,730","3,720",20,422,"5,330","5,990","6,120","5,330",260,4.54,"3,720",20,-,
30/10/2019,"6,160","1,150",7,403,"5,730","5,730","5,730","5,730",-430,-6.98,"1,150",7,-,
29/10/2019,"6,160",-,,433,"6,160","6,160","6,160","6,160",,,,,-,
28/10/2019,"6,620",600,4,433,"6,160","6,160","6,160","6,160",-460,-6.95,600,4,-,
25/10/2019,"7,110",200,1,466,"6,620","6,620","6,620","6,620",-490,-6.89,200,1,-,
24/10/2019,"7,110",-,,500,"7,110","7,110","7,110","7,110",,,,,-,
23/10/2019,"7,110",-,,500,"7,110","7,110","7,110","7,110",,,,,-,
22/10/2019,"7,110",-,,500,"7,110","7,110","7,110","7,110",,,,,-,
21/10/2019,"6,650",10,,500,"7,110","7,110","7,110","7,110",460,6.92,10,,-,
18/10/2019,"7,150",70,,468,"6,650","6,650","6,650","6,650",-500,-6.99,70,,-,
17/10/2019,"7,150",-,,503,"7,150","7,150","7,150","7,150",,,,,-,
16/10/2019,"7,150",-,,503,"7,150","7,150","7,150","7,150",,,,,-,
15/10/2019,"6,700",10,,503,"7,150","7,150","7,150","7,150",450,6.72,10,,-,
14/10/2019,"6,700",-,,471,"6,700","6,700","6,700","6,700",,,,,-,
11/10/2019,"6,700",-,,471,"6,700","6,700","6,700","6,700",,,,,-,
10/10/2019,"6,700",-,,471,"6,700","6,700","6,700","6,700",,,,,-,
09/10/2019,"7,200","68,480",518,471,"7,600","6,700","7,600","6,700",-500,-6.94,"68,480",518,-,
08/10/2019,"6,800","36,000",259,507,"7,200","7,200","7,200","7,200",400,5.88,"36,000",259,-,
07/10/2019,"6,400","37,310",254,479,"6,400","6,800","6,800","6,400",400,6.25,"37,310",254,-,
04/10/2019,"6,040",500,3,450,"6,400","6,400","6,400","6,400",360,5.96,500,3,-,
03/10/2019,"6,490",70,,425,"6,040","6,040","6,040","6,040",-450,-6.93,70,,-,
02/10/2019,"6,490",-,,457,"6,490","6,490","6,490","6,490",,,,,-,
01/10/2019,"6,490",-,,457,"6,490","6,490","6,490","6,490",,,,,-,
30/09/2019,"6,100",20,,457,"6,490","6,490","6,490","6,490",390,6.39,20,,-,
27/09/2019,"6,500",340,2,429,"6,050","6,100","6,100","6,050",-400,-6.15,340,2,-,
26/09/2019,"6,240",200,1,457,"6,240","6,500","6,500","6,240",260,4.17,200,1,-,
25/09/2019,"5,840",700,4,439,"6,200","6,240","6,240","6,200",400,6.85,700,4,-,
24/09/2019,"5,460",470,3,411,"5,830","5,840","5,840","5,830",380,6.96,470,3,-,
23/09/2019,"5,110",20,,384,"4,770","5,460","5,460","4,770",350,6.85,20,,-,
20/09/2019,"5,480",330,2,360,"5,100","5,110","5,110","5,100",-370,-6.75,330,2,-,
19/09/2019,"5,890",10,,386,"5,480","5,480","5,480","5,480",-410,-6.96,10,,-,
18/09/2019,"5,890",40,,414,"5,890","5,890","5,890","5,890",,,40,,-,
17/09/2019,"5,890",10,,414,"5,890","5,890","5,890","5,890",,,10,,-,
16/09/2019,"5,580",650,4,414,"5,580","5,890","5,890","5,580",310,5.56,650,4,-,
13/09/2019,"5,220",670,4,393,"4,870","5,580","5,580","4,870",360,6.9,670,4,-,
12/09/2019,"5,610","1,940",10,367,"5,220","5,220","5,220","5,220",-390,-6.95,"1,940",10,-,
11/09/2019,"6,030",70,,395,"6,400","5,610","6,400","5,610",-420,-6.97,70,,-,
10/09/2019,"6,030",-,,424,"6,030","6,030","6,030","6,030",,,,,-,
09/09/2019,"6,480",40,,424,"6,030","6,030","6,030","6,030",-450,-6.94,40,,-,
06/09/2019,"6,480",-,,456,"6,480","6,480","6,480","6,480",,,,,-,
05/09/2019,"6,060",40,,456,"6,480","6,480","6,480","6,480",420,6.93,40,,-,
04/09/2019,"6,060",-,,426,"6,060","6,060","6,060","6,060",,,,,-,
03/09/2019,"6,510",240,1,426,"6,070","6,060","6,070","6,060",-450,-6.91,240,1,-,
30/08/2019,"7,000",30,,458,"6,510","6,510","6,510","6,510",-490,-7,30,,-,
29/08/2019,"7,000",80,1,493,"6,510","7,000","7,000","6,510",,,80,1,-,
28/08/2019,"7,100","1,900",13,493,"7,000","7,000","7,000","7,000",-100,-1.41,"1,900",13,-,
27/08/2019,"6,710",130,1,500,"7,170","7,100","7,170","6,710",390,5.81,130,1,-,
26/08/2019,"6,280","1,410",9,472,"6,710","6,710","6,710","6,710",430,6.85,"1,410",9,-,
23/08/2019,"5,870","2,780",17,442,"6,280","6,280","6,280","6,280",410,6.98,"2,780",17,-,
22/08/2019,"5,490",40,,413,"5,870","5,870","5,870","5,870",380,6.92,40,,-,
21/08/2019,"5,140",220,1,386,"5,480","5,490","5,490","5,480",350,6.81,220,1,-,
20/08/2019,"4,810",620,3,362,"5,140","5,140","5,140","5,140",330,6.86,620,3,-,
19/08/2019,"4,500",140,1,338,"4,810","4,810","4,810","4,810",310,6.89,140,1,-,
16/08/2019,"4,680",310,1,317,"4,670","4,500","4,670","4,400",-180,-3.85,310,1,-,
15/08/2019,"5,000",40,,329,"4,680","4,680","4,680","4,680",-320,-6.4,40,,-,
14/08/2019,"5,350",50,,352,"5,000","5,000","5,000","5,000",-350,-6.54,50,,-,
13/08/2019,"5,000",250,1,376,"4,660","5,350","5,350","4,660",350,7,250,1,-,
12/08/2019,"5,370",130,1,352,"5,730","5,000","5,740","5,000",-370,-6.89,130,1,-,
09/08/2019,"5,370",-,,378,"5,370","5,370","5,370","5,370",,,,,-,
08/08/2019,"5,370",-,,378,"5,370","5,370","5,370","5,370",,,,,-,
07/08/2019,"5,370",-,,378,"5,370","5,370","5,370","5,370",,,,,-,
06/08/2019,"5,020","1,140",6,378,"5,360","5,370","5,370","5,360",350,6.97,"1,140",6,-,
05/08/2019,"4,700",10,,353,"5,020","5,020","5,020","5,020",320,6.81,10,,-,
02/08/2019,"5,040","20,100",108,331,"4,700","4,700","4,700","4,700",-340,-6.75,100,,"20,000",108
01/08/2019,"5,400",30,,355,"5,040","5,040","5,040","5,040",-360,-6.67,30,,-,
31/07/2019,"5,400",-,,380,"5,400","5,400","5,400","5,400",,,,,-,
30/07/2019,"5,800",50,,380,"5,400","5,400","5,400","5,400",-400,-6.9,50,,-,
29/07/2019,"5,800",-,,408,"5,800","5,800","5,800","5,800",,,,,-,
26/07/2019,"6,100",660,4,408,"5,710","5,800","6,520","5,710",-300,-4.92,660,4,-,
25/07/2019,"6,400","1,030",6,429,"6,100","6,100","6,100","6,100",-300,-4.69,"1,030",6,-,
24/07/2019,"6,840",670,4,450,"6,400","6,400","6,840","6,400",-440,-6.43,670,4,-,
23/07/2019,"6,400",20,,481,"6,200","6,840","6,840","6,200",440,6.88,20,,-,
22/07/2019,"6,800","1,040",7,450,"6,800","6,400","6,800","6,400",-400,-5.88,"1,040",7,-,
19/07/2019,"7,000",470,3,479,"7,000","6,800","7,000","6,800",-200,-2.86,470,3,-,
18/07/2019,"7,100","7,150",50,493,"6,610","7,000","7,000","6,610",-100,-1.41,"7,150",50,-,
17/07/2019,"7,100",-,,500,"7,100","7,100","7,100","7,100",,,,,-,
16/07/2019,"7,000",90,1,500,"7,100","7,100","7,100","7,100",100,1.43,90,1,-,
15/07/2019,"7,000",-,,493,"7,000","7,000","7,000","7,000",,,,,-,
12/07/2019,"7,000",10,,493,"7,000","7,000","7,000","7,000",,,10,,-,
11/07/2019,"7,000",-,,493,"7,000","7,000","7,000","7,000",,,,,-,
10/07/2019,"7,000",-,,493,"7,000","7,000","7,000","7,000",,,,,-,
09/07/2019,"7,100",50,,493,"7,100","7,000","7,100","7,000",-100,-1.41,50,,-,
08/07/2019,"7,100",-,,500,"7,100","7,100","7,100","7,100",,,,,-,
05/07/2019,"7,100",-,,500,"7,100","7,100","7,100","7,100",,,,,-,
04/07/2019,"6,900",140,1,500,"6,900","7,100","7,100","6,900",200,2.9,140,1,-,
03/07/2019,"6,480",200,1,486,"6,930","6,900","6,930","6,030",420,6.48,200,1,-,
02/07/2019,"6,960",20,,456,"6,480","6,480","6,480","6,480",-480,-6.9,20,,-,
01/07/2019,"6,510",100,1,490,"6,960","6,960","6,960","6,960",450,6.91,100,1,-,
28/06/2019,"7,000","1,120",7,458,"6,510","6,510","6,510","6,510",-490,-7,"1,120",7,-,
27/06/2019,"7,000",-,,493,"7,000","7,000","7,000","7,000",,,,,-,
26/06/2019,"7,000",70,,493,"7,480","7,000","7,480","6,510",,,70,,-,
25/06/2019,"7,000",30,,493,"6,510","7,000","7,000","6,510",,,30,,-,
24/06/2019,"7,000",370,2,493,"6,510","7,000","7,000","6,510",,,370,2,-,
21/06/2019,"7,260",690,5,493,"7,260","7,000","7,260","6,760",-260,-3.58,690,5,-,
20/06/2019,"7,800",10,,511,"7,260","7,260","7,260","7,260",-540,-6.92,10,,-,
19/06/2019,"7,480",400,3,549,"7,480","7,800","7,800","7,500",320,4.28,400,3,-,
18/06/2019,"7,060",600,4,526,"7,060","7,480","7,500","7,060",420,5.95,600,4,-,
17/06/2019,"6,600",960,7,497,"7,000","7,060","7,060","7,000",460,6.97,960,7,-,
14/06/2019,"6,200",260,2,464,"6,630","6,600","6,630","6,600",400,6.45,260,2,-,
13/06/2019,"5,800",360,2,436,"6,000","6,200","6,200","6,000",400,6.9,360,2,-,
12/06/2019,"5,430",380,2,408,"5,810","5,800","5,810","5,800",370,6.81,380,2,-,
11/06/2019,"5,080",60,,382,"5,430","5,430","5,430","5,430",350,6.89,60,,-,
10/06/2019,"4,750",110,1,357,"5,080","5,080","5,080","5,080",330,6.95,110,1,-,
07/06/2019,"4,440",200,1,334,"4,750","4,750","4,750","4,750",310,6.98,200,1,-,
06/06/2019,"4,600",70,,312,"4,420","4,440","4,920","4,420",-160,-3.48,70,,-,
05/06/2019,"4,630",80,,324,"4,330","4,600","4,950","4,330",-30,-0.65,80,,-,
04/06/2019,"4,640",100,,326,"4,960","4,630","4,960","4,630",-10,-0.22,100,,-,
03/06/2019,"4,920",70,,327,"5,250","4,640","5,260","4,640",-280,-5.69,70,,-,
31/05/2019,"4,600",200,1,346,"4,920","4,920","4,920","4,920",320,6.96,200,1,-,
30/05/2019,"4,300",310,1,324,"4,600","4,600","4,600","4,600",300,6.98,310,1,-,
29/05/2019,"4,020",10,,303,"4,300","4,300","4,300","4,300",280,6.97,10,,-,
28/05/2019,"4,280",20,,283,"4,540","4,020","4,540","4,020",-260,-6.07,20,,-,
27/05/2019,"4,000",220,1,301,"4,200","4,280","4,280","4,200",280,7,220,1,-,
24/05/2019,"4,200",120,,281,"3,980","4,000","4,000","3,970",-200,-4.76,120,,-,
23/05/2019,"4,210",40,,296,"3,940","4,200","4,200","3,940",-10,-0.24,40,,-,
22/05/2019,"4,210",-,,296,"4,210","4,210","4,210","4,210",,,,,-,
21/05/2019,"4,470",40,,296,"4,180","4,210","4,780","4,180",-260,-5.82,40,,-,
20/05/2019,"4,480",10,,315,"4,470","4,470","4,470","4,470",-10,-0.22,10,,-,
17/05/2019,"4,790",290,1,315,"4,800","4,480","5,120","4,470",-310,-6.47,290,1,-,
16/05/2019,"5,140",10,,337,"4,790","4,790","4,790","4,790",-350,-6.81,10,,-,
15/05/2019,"4,810",270,1,362,"5,140","5,140","5,140","5,140",330,6.86,270,1,-,
14/05/2019,"5,050",10,,338,"4,810","4,810","4,810","4,810",-240,-4.75,10,,-,
13/05/2019,"5,050",-,,355,"5,050","5,050","5,050","5,050",,,,,-,
10/05/2019,"4,720",80,,355,"5,050","5,050","5,050","5,050",330,6.99,80,,-,
09/05/2019,"4,420",380,2,332,"4,720","4,720","4,720","4,720",300,6.79,380,2,-,
08/05/2019,"4,690","1,350",7,311,"5,010","4,420","5,010","4,420",-270,-5.76,"1,350",7,-,
07/05/2019,"5,040",10,,330,"4,690","4,690","4,690","4,690",-350,-6.94,10,,-,
06/05/2019,"5,400",10,,355,"5,040","5,040","5,040","5,040",-360,-6.67,10,,-,
03/05/2019,"5,400",-,,380,"5,400","5,400","5,400","5,400",,,,,-,
02/05/2019,"5,400",-,,380,"5,400","5,400","5,400","5,400",,,,,-,
