29/04/2021,"4,000","1,598,900","6,606",102,"3,850","3,750","4,280","3,750",-250,-6.25,"1,598,900","6,606",-,
28/04/2021,"3,880","1,161,000","4,798",109,"3,860","4,000","4,150","3,860",120,3.09,"1,161,000","4,798",-,
27/04/2021,"4,100","497,700","1,963",106,"3,900","3,880","4,100","3,840",-220,-5.37,"497,700","1,963",-,
26/04/2021,"4,400","696,000","2,881",112,"4,100","4,100","4,320","4,100",-300,-6.82,"696,000","2,881",-,
23/04/2021,"4,290","3,133,200","13,080",120,"3,990","4,400","4,590","3,990",110,2.56,"3,133,200","13,080",-,
22/04/2021,"4,610","1,086,600","4,676",117,"4,290","4,290","4,590","4,290",-320,-6.94,"1,086,600","4,676",-,
20/04/2021,"4,950","1,151,800","5,423",126,"4,950","4,610","4,950","4,610",-340,-6.87,"1,151,800","5,423",-,
19/04/2021,"4,630","9,657,900","43,614",135,"4,310","4,950","4,950","4,310",320,6.91,"9,657,900","43,614",-,
16/04/2021,"4,440","3,558,700","16,330",126,"4,750","4,630","4,750","4,430",190,4.28,"3,558,700","16,330",-,
15/04/2021,"4,150","2,361,000","10,481",121,"4,440","4,440","4,440","4,420",290,6.99,"2,361,000","10,481",-,
14/04/2021,"3,880","2,090,800","8,496",113,"3,880","4,150","4,150","3,880",270,6.96,"2,090,800","8,496",-,
13/04/2021,"3,630","3,359,200","12,952",106,"3,880","3,880","3,880","3,630",250,6.89,"3,359,200","12,952",-,
12/04/2021,"3,400","880,800","3,197",99,"3,630","3,630","3,630","3,630",230,6.76,"880,800","3,197",-,
09/04/2021,"3,180","2,669,900","8,754",93,"3,180","3,400","3,400","3,060",220,6.92,"2,669,900","8,754",-,
08/04/2021,"3,060","3,284,100","10,348",87,"3,270","3,180","3,270","2,900",120,3.92,"3,284,100","10,348",-,
07/04/2021,"2,860","1,118,800","3,424",84,"3,060","3,060","3,060","3,060",200,6.99,"1,118,800","3,424",-,
06/04/2021,"2,680","905,300","2,589",78,"2,860","2,860","2,860","2,860",180,6.72,"905,300","2,589",-,
05/04/2021,"2,510","2,491,100","6,586",73,"2,520","2,680","2,680","2,510",170,6.77,"2,491,100","6,586",-,
02/04/2021,"2,570","766,700","1,951",69,"2,580","2,510","2,590","2,500",-60,-2.33,"766,700","1,951",-,
01/04/2021,"2,480","888,500","2,212",70,"2,420","2,570","2,600","2,420",90,3.63,"888,500","2,212",-,
31/03/2021,"2,550","1,096,200","2,759",68,"2,570","2,480","2,570","2,400",-70,-2.75,"1,096,200","2,759",-,
30/03/2021,"2,500","1,175,100","2,956",70,"2,550","2,550","2,590","2,460",50,2,"1,175,100","2,956",-,
29/03/2021,"2,500","1,444,800","3,552",68,"2,520","2,500","2,650","2,330",,,"1,444,800","3,552",-,
26/03/2021,"2,640","1,074,900","2,677",68,"2,620","2,500","2,640","2,460",-140,-5.3,"1,074,900","2,677",-,
25/03/2021,"2,590","949,900","2,530",72,"2,640","2,640","2,740","2,600",50,1.93,"949,900","2,530",-,
24/03/2021,"2,450","1,818,800","4,664",71,"2,400","2,590","2,620","2,350",140,5.71,"1,818,800","4,664",-,
23/03/2021,"2,630","3,153,200","7,766",67,"2,520","2,450","2,550","2,450",-180,-6.84,"3,153,200","7,766",-,
22/03/2021,"2,700","2,480,400","6,489",72,"2,700","2,630","2,800","2,520",-70,-2.59,"2,480,400","6,489",-,
19/03/2021,"2,530","2,562,400","6,711",74,"2,600","2,700","2,700","2,420",170,6.72,"2,562,400","6,711",-,
18/03/2021,"2,370","5,191,000","12,872",69,"2,530","2,530","2,530","2,350",160,6.75,"4,791,000","11,988","400,000",884
17/03/2021,"2,220","633,700","1,502",65,"2,370","2,370","2,370","2,370",150,6.76,"633,700","1,502",-,
16/03/2021,"2,080","746,900","1,658",61,"2,220","2,220","2,220","2,220",140,6.73,"746,900","1,658",-,
15/03/2021,"1,950","1,853,100","3,783",57,"1,950","2,080","2,080","1,910",130,6.67,"1,853,100","3,783",-,
12/03/2021,"1,960","351,600",686,53,"1,970","1,950","1,970","1,930",-10,-0.51,"351,600",686,-,
11/03/2021,"1,980","517,300","1,000",54,"1,960","1,960","1,960","1,900",-20,-1.01,"517,300","1,000",-,
10/03/2021,"2,010","633,000","1,229",54,"2,000","1,980","2,000","1,870",-30,-1.49,"633,000","1,229",-,
09/03/2021,"2,010","756,800","1,494",55,"1,960","2,010","2,010","1,950",,,"756,800","1,494",-,
08/03/2021,"2,040","678,100","1,367",55,"2,060","2,010","2,070","1,970",-30,-1.47,"678,100","1,367",-,
05/03/2021,"1,960","775,700","1,604",56,"2,090","2,040","2,090","2,000",80,4.08,"775,700","1,604",-,
04/03/2021,"1,840","666,500","1,300",54,"1,850","1,960","1,960","1,850",120,6.52,"666,500","1,300",-,
03/03/2021,"1,840","805,300","1,458",50,"1,840","1,840","1,850","1,800",,,"805,300","1,458",-,
02/03/2021,"1,860","239,700",446,50,"1,860","1,840","1,900","1,830",-20,-1.08,"239,700",446,-,
01/03/2021,"1,850","329,000",606,51,"1,880","1,860","1,880","1,830",10,0.54,"329,000",606,-,
26/02/2021,"1,870","401,300",747,51,"1,870","1,850","1,890","1,840",-20,-1.07,"401,300",747,-,
25/02/2021,"1,860","386,800",718,51,"1,860","1,870","1,880","1,850",10,0.54,"386,800",718,-,
24/02/2021,"1,900","329,600",615,51,"1,900","1,860","1,900","1,850",-40,-2.11,"329,600",615,-,
23/02/2021,"1,980","484,900",931,52,"1,970","1,900","1,970","1,890",-80,-4.04,"484,900",931,-,
22/02/2021,"1,990","293,700",576,54,"1,950","1,980","1,990","1,920",-10,-0.5,"293,700",576,-,
19/02/2021,"1,980","341,400",678,54,"1,980","1,990","2,000","1,970",10,0.51,"341,400",678,-,
18/02/2021,"1,990","679,000","1,359",54,"2,040","1,980","2,040","1,980",-10,-0.5,"679,000","1,359",-,
17/02/2021,"1,920","711,600","1,420",54,"2,000","1,990","2,040","1,960",70,3.65,"711,600","1,420",-,
09/02/2021,"1,910","329,800",631,52,"1,900","1,920","1,980","1,790",10,0.52,"329,800",631,-,
08/02/2021,"2,040","590,700","1,140",52,"2,040","1,910","2,040","1,900",-130,-6.37,"590,700","1,140",-,
05/02/2021,"1,920","718,300","1,411",56,"1,840","2,040","2,040","1,840",120,6.25,"718,300","1,411",-,
04/02/2021,"1,800","645,000","1,185",52,"1,800","1,920","1,920","1,800",120,6.67,"645,000","1,185",-,
03/02/2021,"1,830","1,499,300","2,715",49,"1,800","1,800","1,890","1,770",-30,-1.64,"1,499,300","2,715",-,
02/02/2021,"1,960","2,635,800","4,827",50,"1,830","1,830","1,900","1,830",-130,-6.63,"2,635,800","4,827",-,
01/02/2021,"2,100","1,517,800","2,979",54,"1,970","1,960","2,090","1,960",-140,-6.67,"1,517,800","2,979",-,
29/01/2021,"2,130","2,689,200","5,556",57,"1,990","2,100","2,230","1,990",-30,-1.41,"2,689,200","5,556",-,
28/01/2021,"2,280","2,712,600","5,978",58,"2,280","2,130","2,380","2,130",-150,-6.58,"2,712,600","5,978",-,
27/01/2021,"2,140","2,298,000","5,175",62,"2,250","2,280","2,280","2,100",140,6.54,"2,298,000","5,175",-,
26/01/2021,"2,000","7,088,000","14,898",58,"2,140","2,140","2,140","1,870",140,7,"7,088,000","14,898",-,
25/01/2021,"1,870","371,200",742,55,"2,000","2,000","2,000","2,000",130,6.95,"371,200",742,-,
22/01/2021,"1,750","409,800",766,51,"1,870","1,870","1,870","1,870",120,6.86,"409,800",766,-,
21/01/2021,"1,640","6,076,600","9,510",48,"1,550","1,750","1,750","1,530",110,6.71,"6,076,600","9,510",-,
20/01/2021,"1,710","3,188,700","5,381",45,"1,820","1,640","1,820","1,600",-70,-4.09,"3,188,700","5,381",-,
19/01/2021,"1,720","3,702,600","6,623",47,"1,840","1,710","1,840","1,600",-10,-0.58,"3,702,600","6,623",-,
18/01/2021,"1,610","128,900",222,47,"1,720","1,720","1,720","1,720",110,6.83,"128,900",222,-,
15/01/2021,"1,510","815,700","1,313",44,"1,610","1,610","1,610","1,610",100,6.62,"815,700","1,313",-,
14/01/2021,"1,420","2,220,800","3,328",41,"1,510","1,510","1,510","1,430",90,6.34,"2,220,800","3,328",-,
13/01/2021,"1,330","427,100",606,39,"1,420","1,420","1,420","1,420",90,6.77,"427,100",606,-,
12/01/2021,"1,250","759,300",994,36,"1,250","1,330","1,330","1,250",80,6.4,"759,300",994,-,
11/01/2021,"1,240","1,419,600","1,715",34,"1,200","1,250","1,260","1,170",10,0.81,"1,419,600","1,715",-,
08/01/2021,"1,240","583,400",726,34,"1,270","1,240","1,270","1,230",,,"583,400",726,-,
07/01/2021,"1,190","1,225,800","1,486",34,"1,190","1,240","1,250","1,180",50,4.2,"1,225,800","1,486",-,
06/01/2021,"1,210","830,500","1,003",32,"1,210","1,190","1,230","1,190",-20,-1.65,"830,500","1,003",-,
05/01/2021,"1,220","481,300",582,33,"1,190","1,210","1,230","1,190",-10,-0.82,"481,300",582,-,
04/01/2021,"1,170","656,300",788,33,"1,170","1,220","1,220","1,120",50,4.27,"656,300",788,-,
31/12/2020,"1,190","231,080",273,32,"1,200","1,170","1,200","1,170",-20,-1.68,"231,080",273,-,
30/12/2020,"1,160","820,570",967,32,"1,170","1,190","1,200","1,160",30,2.59,"820,570",967,-,
29/12/2020,"1,130","628,830",721,32,"1,130","1,160","1,170","1,130",30,2.65,"628,830",721,-,
28/12/2020,"1,100","635,270",711,31,"1,100","1,130","1,160","1,100",30,2.73,"635,270",711,-,
25/12/2020,"1,140","544,300",603,30,"1,170","1,100","1,170","1,070",-40,-3.51,"544,300",603,-,
24/12/2020,"1,220","405,430",466,31,"1,200","1,140","1,210","1,140",-80,-6.56,"405,430",466,-,
23/12/2020,"1,180","843,510","1,036",33,"1,230","1,220","1,260","1,180",40,3.39,"843,510","1,036",-,
22/12/2020,"1,110","1,192,780","1,386",32,"1,130","1,180","1,180","1,100",70,6.31,"1,192,780","1,386",-,
21/12/2020,"1,090","338,470",374,30,"1,090","1,110","1,140","1,080",20,1.83,"338,470",374,-,
18/12/2020,"1,100","746,500",837,30,"1,160","1,090","1,160","1,090",-10,-0.91,"746,500",837,-,
17/12/2020,"1,030","710,400",765,30,"1,030","1,100","1,100","1,030",70,6.8,"710,400",765,-,
16/12/2020,"1,040","117,840",121,28,"1,030","1,030","1,040","1,020",-10,-0.96,"117,840",121,-,
15/12/2020,"1,040","164,160",170,28,"1,020","1,040","1,050","1,020",,,"164,160",170,-,
14/12/2020,"1,030","128,240",132,28,"1,020","1,040","1,040","1,010",10,0.97,"128,240",132,-,
11/12/2020,"1,030","71,970",74,28,"1,020","1,030","1,030","1,020",,,"71,970",74,-,
10/12/2020,"1,040","176,560",183,28,"1,040","1,030","1,050","1,020",-10,-0.96,"176,560",183,-,
09/12/2020,"1,020","527,150",540,28,"1,010","1,040","1,040","1,010",20,1.96,"527,150",540,-,
08/12/2020,"1,040","253,360",260,28,"1,030","1,020","1,040","1,020",-20,-1.92,"253,360",260,-,
07/12/2020,"1,040","256,570",268,28,"1,050","1,040","1,050","1,030",,,"256,570",268,-,
04/12/2020,"1,040","337,430",352,28,"1,040","1,040","1,060","1,030",,,"337,430",352,-,
03/12/2020,"1,010","395,880",406,28,"1,010","1,040","1,060","1,000",30,2.97,"395,880",406,-,
02/12/2020,"1,020","187,620",189,28,"1,010","1,010","1,020","1,000",-10,-0.98,"187,620",189,-,
01/12/2020,"1,020","86,900",88,28,"1,020","1,020","1,020","1,000",,,"86,900",88,-,
30/11/2020,"1,020","186,240",191,28,"1,030","1,020","1,040","1,010",,,"186,240",191,-,
27/11/2020,"1,020","188,190",190,28,"1,010","1,020","1,020","1,000",,,"188,190",190,-,
26/11/2020,"1,020","121,320",122,28,"1,030","1,020","1,030","1,000",,,"121,320",122,-,
25/11/2020,"1,020","47,860",49,28,"1,020","1,020","1,030","1,010",,,"47,860",49,-,
24/11/2020,"1,010","344,900",349,28,"1,030","1,020","1,030","1,000",10,0.99,"344,900",349,-,
23/11/2020,"1,030","712,420",722,28,"1,040","1,010","1,040","1,010",-20,-1.94,"712,420",722,-,
20/11/2020,"1,030","155,140",158,28,"1,040","1,030","1,040","1,010",,,"155,140",158,-,
19/11/2020,"1,060","259,620",267,28,"1,070","1,030","1,070","1,010",-30,-2.83,"259,620",267,-,
18/11/2020,"1,060","209,250",223,29,"1,080","1,060","1,080","1,050",,,"209,250",223,-,
17/11/2020,"1,030","321,340",340,29,"1,030","1,060","1,090","1,030",30,2.91,"321,340",340,-,
16/11/2020,"1,020","304,320",312,28,"1,020","1,030","1,060","1,010",10,0.98,"304,320",312,-,
13/11/2020,"1,020","144,290",146,28,"1,030","1,020","1,030","1,000",,,"144,290",146,-,
12/11/2020,"1,020","35,890",36,28,"1,030","1,020","1,030","1,000",,,"35,890",36,-,
11/11/2020,"1,020","150,990",153,28,"1,020","1,020","1,030","1,010",,,"150,990",153,-,
10/11/2020,"1,010","130,820",135,28,"1,030","1,020","1,040","1,020",10,0.99,"130,820",135,-,
09/11/2020,"1,010","362,160",365,28,"1,010","1,010","1,030","1,000",,,"362,160",365,-,
06/11/2020,"1,020","440,640",443,28,"1,020","1,010","1,020","1,000",-10,-0.98,"440,640",443,-,
05/11/2020,"1,050","79,370",82,28,"1,050","1,020","1,050","1,020",-30,-2.86,"79,370",82,-,
04/11/2020,"1,030","38,880",40,29,"1,030","1,050","1,050","1,030",20,1.94,"38,880",40,-,
03/11/2020,"1,030","147,670",149,28,"1,030","1,030","1,050","1,000",,,"147,670",149,-,
02/11/2020,"1,020","293,590",296,28,"1,000","1,030","1,030","1,000",10,0.98,"293,590",296,-,
30/10/2020,"1,010","169,250",171,28,"1,010","1,020","1,020","1,000",10,0.99,"169,250",171,-,
29/10/2020,"1,010","304,730",307,28,"1,020","1,010","1,030",990,,,"304,730",307,-,
28/10/2020,"1,030","286,900",293,28,"1,030","1,010","1,050","1,010",-20,-1.94,"286,900",293,-,
27/10/2020,"1,060","292,430",303,28,"1,040","1,030","1,090","1,030",-30,-2.83,"292,430",303,-,
26/10/2020,"1,100","398,950",426,29,"1,100","1,060","1,120","1,040",-40,-3.64,"398,950",426,-,
23/10/2020,"1,110","231,640",258,30,"1,100","1,100","1,130","1,100",-10,-0.9,"231,640",258,-,
22/10/2020,"1,100","62,890",69,30,"1,100","1,110","1,110","1,080",10,0.91,"62,890",69,-,
21/10/2020,"1,100","148,240",164,30,"1,110","1,100","1,120","1,100",,,"148,240",164,-,
20/10/2020,"1,100","133,350",148,30,"1,100","1,100","1,120","1,080",,,"133,350",148,-,
19/10/2020,"1,140","362,300",398,30,"1,130","1,100","1,150","1,070",-40,-3.51,"362,300",398,-,
16/10/2020,"1,130","240,540",271,31,"1,130","1,140","1,140","1,120",10,0.88,"240,540",271,-,
15/10/2020,"1,130","175,110",197,31,"1,170","1,130","1,170","1,120",,,"175,110",197,-,
14/10/2020,"1,160","180,310",207,31,"1,150","1,130","1,170","1,130",-30,-2.59,"180,310",207,-,
13/10/2020,"1,160","210,300",243,32,"1,160","1,160","1,170","1,130",,,"210,300",243,-,
12/10/2020,"1,180","217,310",250,32,"1,150","1,160","1,180","1,140",-20,-1.69,"217,310",250,-,
09/10/2020,"1,170","280,240",327,32,"1,170","1,180","1,190","1,150",10,0.85,"280,240",327,-,
08/10/2020,"1,230","326,050",385,32,"1,230","1,170","1,230","1,160",-60,-4.88,"326,050",385,-,
07/10/2020,"1,150","1,295,280","1,545",34,"1,130","1,230","1,230","1,120",80,6.96,"1,295,280","1,545",-,
06/10/2020,"1,150","333,340",380,31,"1,160","1,150","1,170","1,110",,,"333,340",380,-,
05/10/2020,"1,100","341,900",379,31,"1,080","1,150","1,160","1,080",50,4.55,"341,900",379,-,
02/10/2020,"1,130","315,680",349,30,"1,130","1,100","1,150","1,080",-30,-2.65,"315,680",349,-,
01/10/2020,"1,150","230,520",261,31,"1,120","1,130","1,170","1,120",-20,-1.74,"230,520",261,-,
30/09/2020,"1,150","380,830",433,31,"1,150","1,150","1,180","1,120",,,"380,830",433,-,
29/09/2020,"1,190","329,930",384,31,"1,170","1,150","1,190","1,150",-40,-3.36,"329,930",384,-,
28/09/2020,"1,200","280,790",335,32,"1,200","1,190","1,220","1,160",-10,-0.83,"280,790",335,-,
25/09/2020,"1,150","532,970",635,33,"1,160","1,200","1,230","1,150",50,4.35,"532,970",635,-,
24/09/2020,"1,160","265,250",307,31,"1,170","1,150","1,180","1,130",-10,-0.86,"265,250",307,-,
23/09/2020,"1,150","414,740",479,32,"1,150","1,160","1,180","1,140",10,0.87,"414,740",479,-,
22/09/2020,"1,220","525,330",614,31,"1,220","1,150","1,220","1,150",-70,-5.74,"525,330",614,-,
21/09/2020,"1,190","630,830",754,33,"1,170","1,220","1,240","1,170",30,2.52,"630,830",754,-,
18/09/2020,"1,200","372,100",442,32,"1,190","1,190","1,200","1,170",-10,-0.83,"372,100",442,-,
17/09/2020,"1,210","515,800",613,33,"1,170","1,200","1,220","1,170",-10,-0.83,"515,800",613,-,
16/09/2020,"1,300","1,881,840","2,293",33,"1,280","1,210","1,280","1,210",-90,-6.92,"1,881,840","2,293",-,
15/09/2020,"1,310","1,035,200","1,391",35,"1,400","1,300","1,400","1,250",-10,-0.76,"1,035,200","1,391",-,
14/09/2020,"1,230","707,310",925,36,"1,310","1,310","1,310","1,250",80,6.5,"707,310",925,-,
11/09/2020,"1,150","3,428,570","4,207",34,"1,230","1,230","1,230","1,180",80,6.96,"3,428,570","4,207",-,
10/09/2020,"1,080","281,230",323,31,"1,150","1,150","1,150","1,150",70,6.48,"281,230",323,-,
09/09/2020,"1,010","428,780",451,29,"1,010","1,080","1,080","1,000",70,6.93,"428,780",451,-,
08/09/2020,"1,020","288,040",287,28,980,"1,010","1,030",980,-10,-0.98,"288,040",287,-,
07/09/2020,"1,020","286,240",291,28,"1,050","1,020","1,050","1,000",,,"286,240",291,-,
04/09/2020,"1,040","389,270",392,28,"1,020","1,020","1,060","1,000",-20,-1.92,"389,270",392,-,
03/09/2020,"1,100","333,880",352,28,"1,080","1,040","1,100","1,040",-60,-5.45,"333,880",352,-,
01/09/2020,"1,100","215,750",232,30,"1,060","1,100","1,100","1,060",,,"215,750",232,-,
31/08/2020,"1,100","182,040",198,30,"1,090","1,100","1,120","1,070",,,"182,040",198,-,
28/08/2020,"1,090","351,700",388,30,"1,120","1,100","1,130","1,080",10,0.92,"351,700",388,-,
27/08/2020,"1,040","651,750",706,30,"1,010","1,090","1,110","1,010",50,4.81,"651,750",706,-,
26/08/2020,"1,060","209,520",217,28,"1,040","1,040","1,060","1,020",-20,-1.89,"209,520",217,-,
25/08/2020,"1,040","294,710",316,29,"1,100","1,060","1,100","1,040",20,1.92,"294,710",316,-,
24/08/2020,980,"855,820",872,28,990,"1,040","1,040",970,60,6.12,"855,820",872,-,
21/08/2020,980,"161,070",157,27,970,980,990,970,,,"161,070",157,-,
20/08/2020,980,"162,610",157,27,970,980,990,960,,,"162,610",157,-,
19/08/2020,970,"101,240",97,27,960,980,980,960,10,1.03,"101,240",97,-,
18/08/2020,990,"163,950",159,26,980,970,990,960,-20,-2.02,"163,950",159,-,
17/08/2020,990,"51,300",50,27,"1,000",990,"1,000",970,,,"51,300",50,-,
14/08/2020,"1,000","381,180",381,27,"1,000",990,"1,030",980,-10,-1,"381,180",381,-,
13/08/2020,970,"233,500",231,27,960,"1,000","1,000",950,30,3.09,"233,500",231,-,
12/08/2020,970,"103,660",100,26,970,970,980,950,,,"103,660",100,-,
11/08/2020,970,"127,350",122,26,970,970,"1,000",940,,,"127,350",122,-,
10/08/2020,960,"175,930",172,26,960,970,"1,010",960,10,1.04,"175,930",172,-,
07/08/2020,970,"109,960",105,26,970,960,990,950,-10,-1.03,"109,960",105,-,
06/08/2020,980,"168,830",163,26,950,970,990,940,-10,-1.02,"168,830",163,-,
05/08/2020,"1,010","137,770",138,27,"1,010",980,"1,010",950,-30,-2.97,"137,770",138,-,
04/08/2020,960,"401,120",399,28,960,"1,010","1,020",960,50,5.21,"401,120",399,-,
03/08/2020,900,"315,460",298,26,860,960,960,860,60,6.67,"315,460",298,-,
31/07/2020,910,"141,060",126,25,900,900,910,870,-10,-1.1,"141,060",126,-,
30/07/2020,910,"89,070",81,25,910,910,910,890,,,"89,070",81,-,
29/07/2020,970,"567,200",523,25,"1,000",910,"1,000",910,-60,-6.19,"567,200",523,-,
28/07/2020,960,"584,210",535,26,900,970,980,900,10,1.04,"584,210",535,-,
27/07/2020,"1,030","176,800",170,26,"1,030",960,"1,030",960,-70,-6.8,"176,800",170,-,
24/07/2020,"1,100","342,430",354,28,"1,030","1,030","1,070","1,030",-70,-6.36,"342,430",354,-,
23/07/2020,"1,050","168,800",174,30,"1,010","1,100","1,120","1,010",50,4.76,"168,800",174,-,
22/07/2020,"1,090","161,260",170,29,"1,050","1,050","1,090","1,050",-40,-3.67,"161,260",170,-,
21/07/2020,"1,130","262,380",281,30,"1,110","1,090","1,120","1,060",-40,-3.54,"262,380",281,-,
20/07/2020,"1,140","125,670",140,31,"1,140","1,130","1,150","1,100",-10,-0.88,"125,670",140,-,
17/07/2020,"1,150","174,720",196,31,"1,140","1,140","1,150","1,110",-10,-0.87,"174,720",196,-,
16/07/2020,"1,160","184,580",213,31,"1,140","1,150","1,180","1,140",-10,-0.86,"184,580",213,-,
15/07/2020,"1,190","123,870",146,32,"1,190","1,160","1,190","1,160",-30,-2.52,"123,870",146,-,
14/07/2020,"1,190","164,880",191,32,"1,190","1,190","1,190","1,150",,,"164,880",191,-,
13/07/2020,"1,210","221,110",261,32,"1,210","1,190","1,220","1,160",-20,-1.65,"221,110",261,-,
10/07/2020,"1,200","193,060",229,33,"1,170","1,210","1,220","1,160",10,0.83,"193,060",229,-,
09/07/2020,"1,180","357,010",421,33,"1,180","1,200","1,220","1,140",20,1.69,"357,010",421,-,
08/07/2020,"1,200","492,060",563,32,"1,200","1,180","1,200","1,120",-20,-1.67,"492,060",563,-,
07/07/2020,"1,170","114,480",135,33,"1,200","1,200","1,210","1,160",30,2.56,"114,480",135,-,
06/07/2020,"1,170","131,720",156,32,"1,200","1,170","1,230","1,150",,,"131,720",156,-,
03/07/2020,"1,230","79,210",95,32,"1,200","1,170","1,230","1,170",-60,-4.88,"79,210",95,-,
02/07/2020,"1,200","175,940",214,34,"1,200","1,230","1,250","1,200",30,2.5,"175,940",214,-,
01/07/2020,"1,140","226,880",263,33,"1,140","1,200","1,210","1,100",60,5.26,"226,880",263,-,
30/06/2020,"1,170","311,490",362,31,"1,190","1,140","1,200","1,140",-30,-2.56,"311,490",362,-,
29/06/2020,"1,250","934,010","1,101",32,"1,210","1,170","1,230","1,170",-80,-6.4,"934,010","1,101",-,
26/06/2020,"1,290","289,510",375,34,"1,300","1,250","1,340","1,250",-40,-3.1,"289,510",375,-,
25/06/2020,"1,210","412,070",496,35,"1,150","1,290","1,290","1,140",80,6.61,"412,070",496,-,
24/06/2020,"1,290","882,620","1,092",33,"1,230","1,210","1,290","1,210",-80,-6.2,"882,620","1,092",-,
23/06/2020,"1,350","453,200",587,35,"1,300","1,290","1,350","1,270",-60,-4.44,"453,200",587,-,
22/06/2020,"1,380","714,760",960,37,"1,400","1,350","1,400","1,300",-30,-2.17,"714,760",960,-,
19/06/2020,"1,390","1,609,930","2,156",38,"1,300","1,380","1,470","1,300",-10,-0.72,"1,609,930","2,156",-,
18/06/2020,"1,490","973,530","1,361",38,"1,480","1,390","1,480","1,390",-100,-6.71,"973,530","1,361",-,
17/06/2020,"1,450","2,913,040","4,322",41,"1,550","1,490","1,550","1,350",40,2.76,"2,913,040","4,322",-,
16/06/2020,"1,360","540,310",783,40,"1,450","1,450","1,450","1,450",90,6.62,"540,310",783,-,
15/06/2020,"1,280","530,120",721,37,"1,360","1,360","1,360","1,360",80,6.25,"530,120",721,-,
12/06/2020,"1,200","1,338,450","1,620",35,"1,120","1,280","1,280","1,120",80,6.67,"1,338,450","1,620",-,
11/06/2020,"1,210","2,941,550","3,759",33,"1,290","1,200","1,290","1,200",-10,-0.83,"2,941,550","3,759",-,
10/06/2020,"1,140","146,720",178,33,"1,210","1,210","1,210","1,210",70,6.14,"146,720",178,-,
09/06/2020,"1,070","780,770",887,31,"1,070","1,140","1,140","1,070",70,6.54,"780,770",887,-,
08/06/2020,"1,000","1,268,550","1,314",29,"1,010","1,070","1,070",930,70,7,"1,268,550","1,314",-,
05/06/2020,"1,060","513,570",519,27,"1,040","1,000","1,040",990,-60,-5.66,"513,570",519,-,
04/06/2020,"1,050","381,540",401,29,"1,090","1,060","1,090","1,030",10,0.95,"381,540",401,-,
03/06/2020,"1,030","642,040",639,29,"1,000","1,050","1,050",960,20,1.94,"642,040",639,-,
02/06/2020,"1,000","1,777,060","1,865",28,"1,070","1,030","1,070",930,30,3,"1,777,060","1,865",-,
01/06/2020,940,"140,030",140,27,"1,000","1,000","1,000","1,000",60,6.38,"140,030",140,-,
29/05/2020,880,"602,860",555,26,880,940,940,880,60,6.82,"602,860",555,-,
28/05/2020,870,"244,130",212,24,870,880,880,850,10,1.15,"244,130",212,-,
27/05/2020,870,"167,670",143,24,850,870,870,840,,,"167,670",143,-,
26/05/2020,860,"474,740",406,24,860,870,870,840,10,1.16,"474,740",406,-,
25/05/2020,860,"246,580",208,23,840,860,860,830,,,"246,580",208,-,
22/05/2020,860,"67,710",58,23,850,860,860,840,,,"67,710",58,-,
21/05/2020,870,"284,220",241,23,860,860,860,830,-10,-1.15,"284,220",241,-,
20/05/2020,870,"150,810",128,24,870,870,880,850,,,"150,810",128,-,
19/05/2020,880,"309,010",269,24,880,870,880,860,-10,-1.14,"309,010",269,-,
18/05/2020,870,"231,010",203,24,860,880,890,860,10,1.15,"231,010",203,-,
15/05/2020,890,"369,580",330,24,930,870,930,870,-20,-2.25,"369,580",330,-,
14/05/2020,840,"647,050",568,24,840,890,890,830,50,5.95,"647,050",568,-,
13/05/2020,840,"354,900",295,23,840,840,840,830,,,"354,900",295,-,
12/05/2020,840,"288,700",238,23,840,840,840,810,,,"288,700",238,-,
11/05/2020,840,"172,390",144,23,840,840,840,830,,,"172,390",144,-,
08/05/2020,850,"242,300",202,23,830,840,850,830,-10,-1.18,"242,300",202,-,
07/05/2020,850,"152,080",128,23,850,850,850,830,,,"152,080",128,-,
06/05/2020,840,"193,560",162,23,830,850,850,820,10,1.19,"193,560",162,-,
05/05/2020,850,"333,380",281,23,850,840,860,830,-10,-1.18,"333,380",281,-,
04/05/2020,870,"444,870",381,23,850,850,880,840,-20,-2.3,"444,870",381,-,
29/04/2020,870,"310,190",268,24,870,870,880,850,,,"310,190",268,-,
28/04/2020,860,"672,280",572,24,860,870,890,840,10,1.16,"672,280",572,-,
27/04/2020,890,"353,170",304,23,840,860,890,840,-30,-3.37,"353,170",304,-,
24/04/2020,890,"388,350",334,24,890,890,890,840,,,"388,350",334,-,
23/04/2020,900,"455,470",398,24,910,890,920,850,-10,-1.11,"455,470",398,-,
22/04/2020,850,"664,760",584,25,860,900,900,830,50,5.88,"664,760",584,-,
21/04/2020,850,"1,687,000","1,497",23,900,850,900,850,,,"1,687,000","1,497",-,
20/04/2020,800,"897,500",743,23,800,850,850,800,50,6.25,"897,500",743,-,
17/04/2020,790,"453,040",359,22,790,800,800,780,10,1.27,"453,040",359,-,
16/04/2020,770,"444,340",350,22,770,790,810,750,20,2.6,"444,340",350,-,
15/04/2020,770,"259,890",199,21,770,770,780,740,,,"259,890",199,-,
14/04/2020,810,"2,274,810","1,737",21,800,770,810,760,-40,-4.94,"2,274,810","1,737",-,
13/04/2020,810,"122,490",99,22,800,810,830,800,,,"122,490",99,-,
10/04/2020,800,"226,180",183,22,770,810,840,770,10,1.25,"226,180",183,-,
09/04/2020,860,"2,111,860","1,692",22,840,800,850,800,-60,-6.98,"2,111,860","1,692",-,
08/04/2020,920,"472,250",407,23,860,860,880,860,-60,-6.52,"472,250",407,-,
07/04/2020,880,"164,630",148,25,890,920,940,860,40,4.55,"164,630",148,-,
06/04/2020,830,"472,620",401,24,800,880,880,800,50,6.02,"472,620",401,-,
03/04/2020,890,"1,174,620",988,23,890,830,930,830,-60,-6.74,"1,174,620",988,-,
01/04/2020,870,"727,340",626,24,810,890,930,810,20,2.3,"727,340",626,-,
31/03/2020,930,"272,700",237,24,870,870,890,870,-60,-6.45,"272,700",237,-,
30/03/2020,"1,000","49,860",46,25,930,930,940,930,-70,-7,"49,860",46,-,
27/03/2020,"1,070","339,180",340,27,"1,020","1,000","1,020","1,000",-70,-6.54,"339,180",340,-,
26/03/2020,"1,150","95,940",104,29,"1,170","1,070","1,170","1,070",-80,-6.96,"95,940",104,-,
25/03/2020,"1,230","180,020",208,31,"1,240","1,150","1,240","1,150",-80,-6.5,"180,020",208,-,
24/03/2020,"1,190","78,260",90,34,"1,190","1,230","1,230","1,110",40,3.36,"78,260",90,-,
23/03/2020,"1,270","539,200",652,32,"1,270","1,190","1,280","1,190",-80,-6.3,"539,200",652,-,
20/03/2020,"1,310","285,480",358,35,"1,310","1,270","1,310","1,220",-40,-3.05,"285,480",358,-,
19/03/2020,"1,340","155,300",198,36,"1,370","1,310","1,370","1,260",-30,-2.24,"155,300",198,-,
18/03/2020,"1,320","204,740",274,37,"1,340","1,340","1,360","1,320",20,1.52,"204,740",274,-,
17/03/2020,"1,350","81,620",105,36,"1,350","1,320","1,350","1,270",-30,-2.22,"81,620",105,-,
16/03/2020,"1,330","148,290",197,37,"1,360","1,350","1,380","1,300",20,1.5,"148,290",197,-,
13/03/2020,"1,280","229,850",283,36,"1,200","1,330","1,350","1,200",50,3.91,"229,850",283,-,
12/03/2020,"1,370","290,580",375,35,"1,310","1,280","1,350","1,280",-90,-6.57,"290,580",375,-,
11/03/2020,"1,470","625,430",881,37,"1,470","1,370","1,500","1,370",-100,-6.8,"625,430",881,-,
10/03/2020,"1,460","406,710",560,40,"1,360","1,470","1,470","1,360",10,0.68,"406,710",560,-,
09/03/2020,"1,560","174,700",255,40,"1,460","1,460","1,480","1,460",-100,-6.41,"174,700",255,-,
06/03/2020,"1,500","156,180",238,43,"1,500","1,560","1,580","1,460",60,4,"156,180",238,-,
05/03/2020,"1,550","193,350",301,41,"1,550","1,500","1,600","1,500",-50,-3.23,"193,350",301,-,
04/03/2020,"1,450","562,260",861,42,"1,460","1,550","1,550","1,440",100,6.9,"562,260",861,-,
03/03/2020,"1,450","234,070",340,40,"1,420","1,450","1,480","1,400",,,"234,070",340,-,
02/03/2020,"1,430","47,730",69,40,"1,460","1,450","1,460","1,400",20,1.4,"47,730",69,-,
28/02/2020,"1,460","102,290",146,39,"1,460","1,430","1,460","1,410",-30,-2.05,"102,290",146,-,
27/02/2020,"1,470","38,990",56,40,"1,480","1,460","1,480","1,410",-10,-0.68,"38,990",56,-,
26/02/2020,"1,450","24,250",35,40,"1,470","1,470","1,470","1,400",20,1.38,"24,250",35,-,
25/02/2020,"1,440","111,650",163,40,"1,380","1,450","1,500","1,380",10,0.69,"111,650",163,-,
24/02/2020,"1,540","248,540",370,39,"1,510","1,440","1,530","1,440",-100,-6.49,"248,540",370,-,
21/02/2020,"1,490","255,370",390,42,"1,500","1,540","1,550","1,490",50,3.36,"255,370",390,-,
20/02/2020,"1,480","156,580",234,41,"1,480","1,490","1,550","1,480",10,0.68,"156,580",234,-,
19/02/2020,"1,470","153,500",225,40,"1,470","1,480","1,480","1,450",10,0.68,"153,500",225,-,
18/02/2020,"1,470","103,450",152,40,"1,490","1,470","1,490","1,440",,,"103,450",152,-,
17/02/2020,"1,460","106,520",155,40,"1,460","1,470","1,490","1,440",10,0.68,"106,520",155,-,
14/02/2020,"1,440","135,850",196,40,"1,430","1,460","1,460","1,420",20,1.39,"135,850",196,-,
13/02/2020,"1,450","271,150",386,39,"1,460","1,440","1,460","1,410",-10,-0.69,"271,150",386,-,
12/02/2020,"1,460","189,280",271,40,"1,470","1,450","1,470","1,410",-10,-0.68,"189,280",271,-,
11/02/2020,"1,490","163,530",236,40,"1,520","1,460","1,520","1,400",-30,-2.01,"118,030",173,"45,500",63
10/02/2020,"1,520","164,480",247,41,"1,520","1,490","1,520","1,480",-30,-1.97,"164,480",247,-,
07/02/2020,"1,450","224,770",333,41,"1,440","1,520","1,540","1,440",70,4.83,"224,770",333,-,
06/02/2020,"1,420","243,920",350,40,"1,450","1,450","1,450","1,420",30,2.11,"243,920",350,-,
05/02/2020,"1,420","294,190",419,39,"1,420","1,420","1,450","1,400",,,"294,190",419,-,
04/02/2020,"1,470","135,480",197,39,"1,470","1,420","1,500","1,410",-50,-3.4,"135,480",197,-,
03/02/2020,"1,550","461,250",671,40,"1,550","1,470","1,550","1,450",-80,-5.16,"461,250",671,-,
31/01/2020,"1,660","262,830",411,42,"1,560","1,550","1,620","1,550",-110,-6.63,"262,830",411,-,
30/01/2020,"1,690","35,360",59,45,"1,670","1,660","1,690","1,630",-30,-1.78,"35,360",59,-,
22/01/2020,"1,660","143,630",239,46,"1,640","1,690","1,690","1,610",30,1.81,"143,630",239,-,
21/01/2020,"1,700","155,130",252,45,"1,650","1,660","1,700","1,600",-40,-2.35,"155,130",252,-,
20/01/2020,"1,700","543,520",887,46,"1,690","1,700","1,720","1,590",,,"543,520",887,-,
17/01/2020,"1,740","146,120",248,46,"1,740","1,700","1,740","1,650",-40,-2.3,"146,120",248,-,
16/01/2020,"1,750","505,190",862,48,"1,760","1,740","1,760","1,690",-10,-0.57,"505,190",862,-,
15/01/2020,"1,760","99,270",172,48,"1,760","1,750","1,790","1,720",-10,-0.57,"99,270",172,-,
14/01/2020,"1,790","323,920",563,48,"1,730","1,760","1,790","1,720",-30,-1.68,"323,920",563,-,
13/01/2020,"1,790","125,550",222,49,"1,780","1,790","1,810","1,750",,,"125,550",222,-,
10/01/2020,"1,840","77,490",139,49,"1,820","1,790","1,850","1,780",-50,-2.72,"77,490",139,-,
09/01/2020,"1,740","918,920","1,687",50,"1,790","1,840","1,860","1,770",100,5.75,"918,920","1,687",-,
08/01/2020,"1,850","414,870",737,48,"1,850","1,740","1,850","1,740",-110,-5.95,"414,870",737,-,
07/01/2020,"1,790","216,460",398,51,"1,840","1,850","1,870","1,790",60,3.35,"216,460",398,-,
06/01/2020,"1,860","466,620",858,49,"1,860","1,790","1,900","1,790",-70,-3.76,"466,620",858,-,
03/01/2020,"1,830","472,330",866,51,"1,840","1,860","1,900","1,790",30,1.64,"472,330",866,-,
02/01/2020,"1,820","228,910",415,50,"1,850","1,830","1,850","1,790",10,0.55,"228,910",415,-,
31/12/2019,"1,810","360,860",654,50,"1,810","1,820","1,870","1,790",10,0.55,"360,860",654,-,
30/12/2019,"1,890","142,490",261,49,"1,900","1,810","1,900","1,800",-80,-4.23,"142,490",261,-,
27/12/2019,"1,850","581,270","1,085",52,"1,850","1,890","1,940","1,840",40,2.16,"581,270","1,085",-,
26/12/2019,"1,920","526,670",984,51,"1,920","1,850","1,920","1,840",-70,-3.65,"526,670",984,-,
25/12/2019,"1,930","427,020",810,52,"1,860","1,920","1,940","1,860",-10,-0.52,"427,020",810,-,
24/12/2019,"1,940","327,560",630,53,"1,900","1,930","1,950","1,900",-10,-0.52,"327,560",630,-,
23/12/2019,"1,990","816,200","1,565",53,"1,920","1,940","1,980","1,900",-50,-2.51,"816,200","1,565",-,
20/12/2019,"2,080","525,870","1,045",54,"2,050","1,990","2,050","1,950",-90,-4.33,"525,870","1,045",-,
19/12/2019,"2,050","336,920",682,57,"2,040","2,080","2,080","1,970",30,1.46,"336,920",682,-,
18/12/2019,"2,000","1,029,960","2,188",56,"2,000","2,050","2,140","2,000",50,2.5,"1,029,960","2,188",-,
17/12/2019,"2,030","942,640","1,871",55,"2,020","2,000","2,030","1,920",-30,-1.48,"942,640","1,871",-,
16/12/2019,"2,170","1,122,100","2,304",55,"2,170","2,030","2,170","2,030",-140,-6.45,"1,122,100","2,304",-,
13/12/2019,"2,140","895,320","1,873",59,"2,130","2,170","2,210","2,000",30,1.4,"895,320","1,873",-,
12/12/2019,"2,140","792,660","1,757",58,"2,240","2,140","2,260","2,140",,,"792,660","1,757",-,
11/12/2019,"2,000","1,496,740","3,176",58,"2,030","2,140","2,140","2,030",140,7,"1,496,740","3,176",-,
10/12/2019,"1,870","1,546,180","3,073",55,"1,900","2,000","2,000","1,900",130,6.95,"1,546,180","3,073",-,
09/12/2019,"1,880","553,360","1,035",51,"1,900","1,870","1,930","1,850",-10,-0.53,"553,360","1,035",-,
06/12/2019,"1,880","494,910",932,51,"1,850","1,880","1,930","1,850",,,"494,910",932,-,
05/12/2019,"1,850","197,080",374,51,"1,930","1,880","1,930","1,860",30,1.62,"197,080",374,-,
04/12/2019,"1,910","495,220",956,51,"1,950","1,850","2,020","1,850",-60,-3.14,"495,220",956,-,
03/12/2019,"1,790","549,890","1,025",52,"1,790","1,910","1,910","1,790",120,6.7,"549,890","1,025",-,
02/12/2019,"1,810","107,530",192,49,"1,810","1,790","1,810","1,780",-20,-1.1,"107,530",192,-,
29/11/2019,"1,810","115,810",208,49,"1,820","1,810","1,820","1,790",,,"115,810",208,-,
28/11/2019,"1,820","48,740",88,49,"1,820","1,810","1,820","1,790",-10,-0.55,"48,740",88,-,
27/11/2019,"1,820","474,530",849,50,"1,820","1,820","1,830","1,770",,,"474,530",849,-,
26/11/2019,"1,820","127,650",232,50,"1,820","1,820","1,840","1,790",,,"127,650",232,-,
25/11/2019,"1,800","54,580",98,50,"1,790","1,820","1,820","1,780",20,1.11,"54,580",98,-,
22/11/2019,"1,830","120,880",218,49,"1,800","1,800","1,830","1,800",-30,-1.64,"120,880",218,-,
21/11/2019,"1,820","306,590",554,50,"1,810","1,830","1,830","1,790",10,0.55,"306,590",554,-,
20/11/2019,"1,820","121,090",219,50,"1,820","1,820","1,820","1,780",,,"121,090",219,-,
19/11/2019,"1,820","346,340",624,50,"1,800","1,820","1,830","1,780",,,"346,340",624,-,
18/11/2019,"1,800","240,600",433,50,"1,820","1,820","1,820","1,780",20,1.11,"240,600",433,-,
15/11/2019,"1,840","394,950",711,49,"1,810","1,800","1,840","1,790",-40,-2.17,"394,950",711,-,
14/11/2019,"1,860","255,300",467,50,"1,860","1,840","1,860","1,810",-20,-1.08,"255,300",467,-,
13/11/2019,"1,840","418,960",766,51,"1,840","1,860","1,860","1,790",20,1.09,"418,960",766,-,
12/11/2019,"1,840","186,470",338,50,"1,820","1,840","1,890","1,760",,,"186,470",338,-,
11/11/2019,"1,850","879,290","1,597",50,"1,890","1,840","1,890","1,800",-10,-0.54,"879,290","1,597",-,
08/11/2019,"1,840","111,530",206,51,"1,850","1,850","1,870","1,840",10,0.54,"111,530",206,-,
07/11/2019,"1,890","269,460",503,50,"1,900","1,840","1,900","1,840",-50,-2.65,"269,460",503,-,
06/11/2019,"1,860","206,120",386,52,"1,890","1,890","1,910","1,860",30,1.61,"186,120",351,"20,000",35
05/11/2019,"1,920","130,620",244,51,"1,900","1,860","1,920","1,850",-60,-3.13,"130,620",244,-,
04/11/2019,"1,920","225,500",427,52,"1,870","1,920","1,920","1,850",,,"225,500",427,-,
01/11/2019,"1,930","420,430",789,52,"1,940","1,920","1,940","1,860",-10,-0.52,"320,430",609,"100,000",180
31/10/2019,"1,920","325,860",646,53,"1,920","1,930","1,940","1,890",10,0.52,"152,860",291,"173,000",355
30/10/2019,"1,950","165,980",321,52,"1,950","1,920","1,960","1,910",-30,-1.54,"165,980",321,-,
29/10/2019,"1,980","252,150",486,53,"1,950","1,950","1,980","1,910",-30,-1.52,"252,150",486,-,
28/10/2019,"1,990","112,750",222,54,"1,990","1,980","2,010","1,940",-10,-0.5,"112,750",222,-,
25/10/2019,"1,940","881,010","1,680",54,"1,940","1,990","2,020","1,880",50,2.58,"681,010","1,318","200,000",362
24/10/2019,"1,930","574,360","1,149",53,"1,930","1,940","1,940","1,880",10,0.52,"259,360",500,"315,000",649
23/10/2019,"1,910","499,390",998,53,"1,910","1,930","1,950","1,890",20,1.05,"174,390",335,"325,000",663
22/10/2019,"1,990","400,400",799,52,"1,990","1,910","1,990","1,900",-80,-4.02,"261,940",505,"138,460",294
21/10/2019,"2,030","1,590,700","3,032",54,"2,000","1,990","2,000","1,890",-40,-1.97,"1,590,700","3,032",-,
18/10/2019,"2,040","122,900",247,55,"2,020","2,030","2,030","1,960",-10,-0.49,"122,900",247,-,
17/10/2019,"2,030","213,170",424,56,"2,000","2,040","2,040","1,930",10,0.49,"213,170",424,-,
16/10/2019,"2,000","362,740",737,55,"2,000","2,030","2,080","2,000",30,1.5,"362,740",737,-,
15/10/2019,"1,950","868,580","1,678",55,"1,930","2,000","2,000","1,890",50,2.56,"768,580","1,496","100,000",182
14/10/2019,"1,910","514,810",986,53,"1,890","1,950","1,960","1,870",40,2.09,"514,810",986,-,
11/10/2019,"1,980","240,270",463,52,"1,990","1,910","1,990","1,900",-70,-3.54,"240,270",463,-,
10/10/2019,"1,980","1,624,660","3,073",54,"1,850","1,980","1,990","1,850",,,"1,624,660","3,073",-,
09/10/2019,"2,120","1,373,460","2,766",54,"2,020","1,980","2,040","1,980",-140,-6.6,"1,336,460","2,682","37,000",84
08/10/2019,"2,120","871,560","1,896",58,"2,120","2,120","2,240","2,110",,,"871,560","1,896",-,
07/10/2019,"1,990","721,390","1,520",58,"2,120","2,120","2,120","2,020",130,6.53,"721,390","1,520",-,
04/10/2019,"1,860","3,399,480","5,982",54,"1,780","1,990","1,990","1,730",130,6.99,"3,399,480","5,982",-,
03/10/2019,"1,990","877,354","1,661",51,"1,900","1,860","1,910","1,860",-130,-6.53,"777,440","1,449","99,914",212
02/10/2019,"2,130","879,730","1,763",54,"2,130","1,990","2,130","1,990",-140,-6.57,"879,730","1,763",-,
01/10/2019,"2,290","2,112,310","4,507",58,"2,140","2,130","2,210","2,130",-160,-6.99,"2,112,310","4,507",-,
30/09/2019,"2,460","2,876,450","6,612",63,"2,460","2,290","2,490","2,290",-170,-6.91,"2,876,450","6,612",-,
27/09/2019,"2,450","992,060","2,397",67,"2,520","2,460","2,520","2,300",10,0.41,"992,060","2,397",-,
26/09/2019,"2,520","333,020",831,67,"2,520","2,450","2,570","2,430",-70,-2.78,"333,020",831,-,
25/09/2019,"2,470","837,410","2,080",69,"2,460","2,520","2,600","2,410",50,2.02,"837,410","2,080",-,
24/09/2019,"2,540","508,800","1,235",67,"2,430","2,470","2,480","2,370",-70,-2.76,"508,800","1,235",-,
23/09/2019,"2,600","112,180",282,69,"2,510","2,540","2,550","2,480",-60,-2.31,"112,180",282,-,
20/09/2019,"2,640","2,256,490","5,914",71,"2,600","2,600","2,640","2,460",-40,-1.52,"1,386,490","3,461","870,000","2,453"
19/09/2019,"2,740","3,330,990","8,514",72,"2,620","2,640","2,760","2,550",-100,-3.65,"3,330,990","8,514",-,
18/09/2019,"2,750","2,105,680","5,511",75,"2,680","2,740","2,740","2,560",-10,-0.36,"2,105,680","5,511",-,
17/09/2019,"2,950","1,783,220","5,016",75,"2,910","2,750","2,970","2,750",-200,-6.78,"1,522,470","4,195","260,750",821
16/09/2019,"2,900","2,003,960","5,590",81,"2,900","2,950","2,970","2,700",50,1.72,"2,003,960","5,590",-,
13/09/2019,"2,970","3,203,050","9,109",79,"3,010","2,900","3,150","2,770",-70,-2.36,"3,203,050","9,109",-,
12/09/2019,"2,780","1,349,020","3,914",81,"2,790","2,970","2,970","2,660",190,6.83,"1,349,020","3,914",-,
11/09/2019,"2,740","342,260",940,76,"2,700","2,780","2,790","2,650",40,1.46,"342,260",940,-,
10/09/2019,"2,800","896,800","2,383",75,"2,800","2,740","2,800","2,610",-60,-2.14,"896,800","2,383",-,
09/09/2019,"2,700","520,040","1,466",76,"2,700","2,800","2,880","2,700",100,3.7,"520,040","1,466",-,
06/09/2019,"2,900","628,830","1,806",74,"2,920","2,700","2,990","2,700",-200,-6.9,"628,830","1,806",-,
05/09/2019,"2,860","373,000","1,084",79,"2,900","2,900","2,960","2,890",40,1.4,"373,000","1,084",-,
04/09/2019,"3,040","1,266,450","3,605",78,"3,100","2,860","3,080","2,830",-180,-5.92,"1,266,450","3,605",-,
03/09/2019,"3,100","454,820","1,382",83,"3,100","3,040","3,120","3,000",-60,-1.94,"454,820","1,382",-,
30/08/2019,"3,130","199,480",603,85,"3,130","3,100","3,150","3,000",-30,-0.96,"199,480",603,-,
29/08/2019,"3,110","548,920","1,723",85,"3,110","3,130","3,200","2,950",20,0.64,"548,920","1,723",-,
28/08/2019,"3,280","1,231,970","3,797",85,"3,160","3,110","3,200","3,060",-170,-5.18,"1,231,970","3,797",-,
27/08/2019,"3,300","1,207,670","3,780",90,"3,150","3,280","3,280","3,070",-20,-0.61,"1,207,670","3,780",-,
26/08/2019,"3,300","56,240",182,90,"3,300","3,300","3,340","3,200",,,"56,240",182,-,
23/08/2019,"3,190","224,590",702,90,"3,190","3,300","3,300","3,000",110,3.45,"224,590",702,-,
22/08/2019,"3,430","2,356,710","7,558",87,"3,430","3,190","3,480","3,190",-240,-7,"2,356,710","7,558",-,
21/08/2019,"3,430","199,750",680,94,"3,310","3,430","3,470","3,310",,,"199,750",680,-,
20/08/2019,"3,500","230,330",790,94,"3,400","3,430","3,520","3,300",-70,-2,"230,330",790,-,
19/08/2019,"3,550","245,240",850,96,"3,460","3,500","3,550","3,320",-50,-1.41,"245,240",850,-,
16/08/2019,"3,580","879,310","3,005",97,"3,580","3,550","3,580","3,340",-30,-0.84,"879,310","3,005",-,
15/08/2019,"3,600","699,750","2,406",98,"3,590","3,580","3,590","3,370",-20,-0.56,"699,750","2,406",-,
14/08/2019,"3,400","1,270,780","4,479",98,"3,400","3,600","3,630","3,350",200,5.88,"1,270,780","4,479",-,
13/08/2019,"3,470","297,340","1,016",93,"3,470","3,400","3,500","3,300",-70,-2.02,"297,340","1,016",-,
12/08/2019,"3,400","271,050",938,95,"3,400","3,470","3,510","3,400",70,2.06,"271,050",938,-,
09/08/2019,"3,650","325,530","1,112",93,"3,640","3,400","3,640","3,400",-250,-6.85,"325,530","1,112",-,
08/08/2019,"3,600","801,430","2,879",100,"3,590","3,650","3,750","3,400",50,1.39,"801,430","2,879",-,
07/08/2019,"3,570","366,400","1,312",98,"3,400","3,600","3,640","3,330",30,0.84,"366,400","1,312",-,
06/08/2019,"3,480","887,960","3,034",97,"3,400","3,570","3,650","3,240",90,2.59,"887,960","3,034",-,
05/08/2019,"3,540","125,080",433,95,"3,300","3,480","3,540","3,300",-60,-1.69,"125,080",433,-,
02/08/2019,"3,800","390,190","1,384",97,"3,780","3,540","3,780","3,540",-260,-6.84,"390,190","1,384",-,
01/08/2019,"3,860","2,023,570","7,406",104,"3,860","3,800","4,120","3,590",-60,-1.55,"2,023,570","7,406",-,
31/07/2019,"3,720","226,970",885,105,"3,720","3,860","3,960","3,720",140,3.76,"226,970",885,-,
30/07/2019,"4,000","811,660","3,078",102,"3,990","3,720","3,990","3,720",-280,-7,"811,660","3,078",-,
29/07/2019,"3,800","167,870",654,109,"4,030","4,000","4,050","3,780",200,5.26,"147,870",583,"20,000",71
26/07/2019,"3,610","2,781,730","10,094",104,"3,800","3,800","3,860","3,500",190,5.26,"1,621,730","6,196","1,160,000","3,898"
25/07/2019,"3,380","1,136,070","4,089",99,"3,200","3,610","3,610","3,200",230,6.8,"1,136,070","4,089",-,
24/07/2019,"3,200","455,980","1,495",92,"3,200","3,380","3,400","3,150",180,5.63,"455,980","1,495",-,
23/07/2019,"3,230","307,080",988,87,"3,010","3,200","3,250","3,010",-30,-0.93,"307,080",988,-,
22/07/2019,"3,270","93,240",304,88,"3,270","3,230","3,350","3,200",-40,-1.22,"93,240",304,-,
19/07/2019,"3,230","148,310",486,89,"3,350","3,270","3,390","3,200",40,1.24,"148,310",486,-,
18/07/2019,"3,210","617,180","1,988",88,"3,350","3,230","3,300","3,180",20,0.62,"617,180","1,988",-,
17/07/2019,"3,140","160,300",520,88,"3,350","3,210","3,350","3,190",70,2.23,"160,300",520,-,
16/07/2019,"2,940","501,670","1,512",86,"2,940","3,140","3,140","2,930",200,6.8,"501,670","1,512",-,
15/07/2019,"2,940","18,720",55,80,"2,930","2,940","2,940","2,870",,,"18,720",55,-,
12/07/2019,"2,940","94,560",276,80,"2,930","2,940","2,940","2,890",,,"94,560",276,-,
11/07/2019,"2,940","62,880",183,80,"2,900","2,940","2,940","2,890",,,"62,880",183,-,
10/07/2019,"2,900","186,080",540,80,"2,900","2,940","2,940","2,880",40,1.38,"186,080",540,-,
09/07/2019,"2,900","238,510",676,79,"2,800","2,900","2,900","2,750",,,"238,510",676,-,
08/07/2019,"2,900","80,360",232,79,"2,900","2,900","2,900","2,840",,,"80,360",232,-,
05/07/2019,"2,890","145,660",423,79,"2,890","2,900","2,920","2,850",10,0.35,"145,660",423,-,
04/07/2019,"2,810","268,730",754,79,"2,810","2,890","2,890","2,700",80,2.85,"268,730",754,-,
03/07/2019,"3,020","513,490","1,468",77,"3,010","2,810","3,200","2,810",-210,-6.95,"513,490","1,468",-,
02/07/2019,"3,000","118,690",356,82,"2,980","3,020","3,020","2,970",20,0.67,"118,690",356,-,
01/07/2019,"2,980","315,390",944,82,"2,980","3,000","3,010","2,970",20,0.67,"315,390",944,-,
28/06/2019,"2,990","77,130",224,81,"2,980","2,980","2,990","2,850",-10,-0.33,"77,130",224,-,
27/06/2019,"2,990","60,090",175,82,"3,000","2,990","3,000","2,850",,,"60,090",175,-,
26/06/2019,"2,990","1,371,930","3,839",82,"2,900","2,990","2,990","2,850",,,"71,930",212,"1,300,000","3,627"
25/06/2019,"3,000","37,370",111,82,"2,840","2,990","3,000","2,840",-10,-0.33,"37,370",111,-,
24/06/2019,"3,020","213,320",615,82,"3,020","3,000","3,020","2,860",-20,-0.66,"107,320",317,"106,000",298
21/06/2019,"3,030","218,990",677,82,"3,020","3,020","3,030","2,950",-10,-0.33,"126,990",379,"92,000",298
20/06/2019,"3,000","106,350",319,83,"3,010","3,030","3,030","2,950",30,1,"106,350",319,-,
19/06/2019,"3,030","418,560","1,195",82,"3,000","3,000","3,100","2,820",-30,-0.99,"418,560","1,195",-,
18/06/2019,"3,250","157,840",492,83,"3,250","3,030","3,270","3,030",-220,-6.77,"157,840",492,-,
17/06/2019,"3,170","263,590",827,89,"3,200","3,250","3,260","3,150",80,2.52,"179,590",579,"84,000",248
14/06/2019,"3,100","324,230","1,018",87,"3,100","3,170","3,250","3,010",70,2.26,"324,230","1,018",-,
13/06/2019,"2,940","192,250",582,85,"2,940","3,100","3,100","2,930",160,5.44,"192,250",582,-,
12/06/2019,"2,940","107,480",302,80,"2,750","2,940","2,950","2,740",,,"107,480",302,-,
11/06/2019,"3,160","358,760","1,089",80,"3,050","2,940","3,100","2,940",-220,-6.96,"288,760",852,"70,000",237
10/06/2019,"3,390","274,010",869,86,"3,170","3,160","3,450","3,160",-230,-6.78,"274,010",869,-,
07/06/2019,"3,350","49,930",168,93,"3,400","3,390","3,400","3,350",40,1.19,"49,930",168,-,
06/06/2019,"3,600","145,320",500,91,"3,420","3,350","3,560","3,350",-250,-6.94,"145,320",500,-,
05/06/2019,"3,650","244,370",848,98,"3,460","3,600","3,600","3,400",-50,-1.37,"244,370",848,-,
04/06/2019,"3,700","159,080",562,100,"3,470","3,650","3,660","3,450",-50,-1.35,"159,080",562,-,
03/06/2019,"3,600","320,320","1,112",101,"3,650","3,700","3,700","3,350",100,2.78,"320,320","1,112",-,
31/05/2019,"3,750","97,610",343,98,"3,490","3,600","3,750","3,490",-150,-4,"97,610",343,-,
30/05/2019,"3,720","299,680","1,045",102,"3,890","3,750","3,890","3,460",30,0.81,"299,680","1,045",-,
29/05/2019,"3,990","917,450","3,422",102,"3,970","3,720","3,970","3,720",-270,-6.77,"917,450","3,422",-,
28/05/2019,"4,050","226,740",865,109,"4,100","3,990","4,100","3,770",-60,-1.48,"226,740",865,-,
27/05/2019,"4,050","50,610",204,111,"3,900","4,050","4,050","3,900",,,"50,610",204,-,
24/05/2019,"4,050","168,860",718,111,"4,050","4,050","4,100","3,820",,,"48,860",198,"120,000",520
23/05/2019,"4,130","49,320",197,111,"4,130","4,050","4,130","3,950",-80,-1.94,"49,320",197,-,
22/05/2019,"4,110","430,930","1,749",113,"4,130","4,130","4,150","3,900",20,0.49,"430,930","1,749",-,
21/05/2019,"4,200","146,020",606,112,"4,120","4,110","4,260","4,110",-90,-2.14,"146,020",606,-,
20/05/2019,"4,290","187,410",803,115,"4,290","4,200","4,290","4,110",-90,-2.1,"151,490",638,"35,920",165
17/05/2019,"4,330","422,060","1,724",117,"4,300","4,290","4,300","4,060",-40,-0.92,"134,240",564,"287,820","1,160"
16/05/2019,"4,400","516,100","2,321",118,"4,400","4,330","4,400","4,100",-70,-1.59,"217,100",916,"299,000","1,405"
15/05/2019,"4,350","1,196,950","4,904",120,"4,330","4,400","4,400","4,050",50,1.15,"1,196,950","4,904",-,
14/05/2019,"4,370","171,720",743,119,"4,390","4,350","4,390","4,210",-20,-0.46,"171,720",743,-,
13/05/2019,"4,500","177,880",773,119,"4,500","4,370","4,500","4,210",-130,-2.89,"177,880",773,-,
10/05/2019,"4,480","267,820","1,206",123,"4,480","4,500","4,580","4,400",20,0.45,"267,820","1,206",-,
09/05/2019,"4,630","62,340",283,122,"4,460","4,480","4,650","4,460",-150,-3.24,"62,340",283,-,
08/05/2019,"4,400","451,300","2,022",126,"4,500","4,630","4,660","4,500",230,5.23,"331,300","1,530","120,000",492
07/05/2019,"4,200","400,530","1,746",120,"4,200","4,400","4,450","4,200",200,4.76,"400,530","1,746",-,
06/05/2019,"4,090","273,300","1,129",115,"4,070","4,200","4,250","4,010",110,2.69,"273,300","1,129",-,
03/05/2019,"4,080","93,070",378,112,"4,100","4,090","4,100","4,000",10,0.25,"93,070",378,-,
02/05/2019,"4,070","196,410",801,111,"4,070","4,080","4,090","4,000",10,0.25,"196,410",801,-,
