Ngày,Tham chiếu,Tổng khối lượng GD,Tổng giá trị GD,Vốn hóa Thị trường,Mở cửa,Đóng cửa,Cao nhất,Thấp nhất,Thay đổi,% Thay đổi,Khối lượng GD Khớp lệnh,Giá trị GD Khớp lệnh,Khối lượng GD Thỏa thuận,Giá trị GD Thoả thuận
29/04/2021,"2,650","426,400",1077000000.0,50,"2,600","2,500","2,650","2,500",-150.0,-5.66,"426,400",1077000000.0,-,
28/04/2021,"2,480","490,600",1191000000.0,53,"2,350","2,650","2,650","2,310",170.0,6.85,"490,600",1191000000.0,-,
27/04/2021,"2,520","200,300",488000000.0,50,"2,460","2,480","2,520","2,350",-40.0,-1.59,"200,300",488000000.0,-,
26/04/2021,"2,700","834,700",2111000000.0,50,"2,520","2,520","2,690","2,520",-180.0,-6.67,"834,700",2111000000.0,-,
23/04/2021,"2,900","985,800",2662000000.0,54,"2,700","2,700","2,700","2,700",-200.0,-6.9,"985,800",2662000000.0,-,
22/04/2021,"3,110","361,000",1047000000.0,58,"2,900","2,900","2,900","2,900",-210.0,-6.75,"361,000",1047000000.0,-,
20/04/2021,"3,340","208,100",647000000.0,62,"3,110","3,110","3,110","3,110",-230.0,-6.89,"208,100",647000000.0,-,
19/04/2021,"3,590","327,100",1093000000.0,67,"3,340","3,340","3,340","3,340",-250.0,-6.96,"327,100",1093000000.0,-,
16/04/2021,"3,850","1,203,300",4376000000.0,72,"3,600","3,590","3,830","3,590",-260.0,-6.75,"1,203,300",4376000000.0,-,
15/04/2021,"3,600","288,600",1111000000.0,77,"3,850","3,850","3,850","3,850",250.0,6.94,"288,600",1111000000.0,-,
14/04/2021,"3,550","826,800",2877000000.0,72,"3,330","3,600","3,600","3,330",50.0,1.41,"826,800",2877000000.0,-,
13/04/2021,"3,630","1,966,700",7211000000.0,71,"3,880","3,550","3,880","3,380",-80.0,-2.2,"1,966,700",7211000000.0,-,
12/04/2021,"3,400","371,600",1349000000.0,73,"3,630","3,630","3,630","3,630",230.0,6.76,"371,600",1349000000.0,-,
09/04/2021,"3,180","471,300",1602000000.0,68,"3,400","3,400","3,400","3,400",220.0,6.92,"471,300",1602000000.0,-,
08/04/2021,"2,980","618,500",1967000000.0,64,"3,180","3,180","3,180","3,180",200.0,6.71,"618,500",1967000000.0,-,
07/04/2021,"2,790","583,800",1722000000.0,60,"2,800","2,980","2,980","2,800",190.0,6.81,"583,800",1722000000.0,-,
06/04/2021,"2,800","250,300",695000000.0,56,"2,700","2,790","2,800","2,700",-10.0,-0.36,"250,300",695000000.0,-,
05/04/2021,"2,820","323,800",904000000.0,56,"2,820","2,800","2,820","2,770",-20.0,-0.71,"323,800",904000000.0,-,
02/04/2021,"2,780","288,300",808000000.0,56,"2,850","2,820","2,850","2,780",40.0,1.44,"288,300",808000000.0,-,
01/04/2021,"2,800","133,900",373000000.0,56,"2,870","2,780","2,870","2,770",-20.0,-0.71,"133,900",373000000.0,-,
31/03/2021,"2,780","335,900",943000000.0,56,"2,850","2,800","2,880","2,740",20.0,0.72,"335,900",943000000.0,-,
30/03/2021,"2,850","93,200",261000000.0,56,"2,850","2,780","2,850","2,770",-70.0,-2.46,"93,200",261000000.0,-,
29/03/2021,"2,670","131,400",367000000.0,57,"2,700","2,850","2,850","2,700",180.0,6.74,"131,400",367000000.0,-,
26/03/2021,"2,730","104,900",276000000.0,53,"2,680","2,670","2,730","2,580",-60.0,-2.2,"104,900",276000000.0,-,
25/03/2021,"2,750","224,400",613000000.0,55,"2,750","2,730","2,800","2,700",-20.0,-0.73,"224,400",613000000.0,-,
24/03/2021,"2,810","137,300",383000000.0,55,"2,810","2,750","2,820","2,700",-60.0,-2.14,"137,300",383000000.0,-,
23/03/2021,"2,780","151,600",425000000.0,56,"2,780","2,810","2,850","2,770",30.0,1.08,"151,600",425000000.0,-,
22/03/2021,"2,800","216,200",605000000.0,56,"2,800","2,780","2,850","2,750",-20.0,-0.71,"216,200",605000000.0,-,
19/03/2021,"2,860","147,100",414000000.0,56,"2,860","2,800","2,870","2,800",-60.0,-2.1,"147,100",414000000.0,-,
18/03/2021,"2,900","128,300",367000000.0,57,"2,880","2,860","2,900","2,840",-40.0,-1.38,"128,300",367000000.0,-,
17/03/2021,"2,900","195,700",560000000.0,58,"2,950","2,900","2,950","2,800",,,"195,700",560000000.0,-,
16/03/2021,"2,900","236,900",687000000.0,58,"2,830","2,900","3,000","2,830",,,"236,900",687000000.0,-,
15/03/2021,"2,840","222,300",639000000.0,58,"2,900","2,900","2,940","2,800",60.0,2.11,"222,300",639000000.0,-,
12/03/2021,"2,830","195,700",552000000.0,57,"2,830","2,840","2,870","2,790",10.0,0.35,"195,700",552000000.0,-,
11/03/2021,"2,930","154,700",452000000.0,57,"2,930","2,830","3,000","2,830",-100.0,-3.41,"154,700",452000000.0,-,
10/03/2021,"3,100","276,100",818000000.0,59,"3,100","2,930","3,100","2,890",-170.0,-5.48,"276,100",818000000.0,-,
09/03/2021,"2,910","444,000",1359000000.0,62,"3,100","3,100","3,100","3,000",190.0,6.53,"444,000",1359000000.0,-,
08/03/2021,"2,720","577,900",1678000000.0,58,"2,880","2,910","2,910","2,800",190.0,6.99,"577,900",1678000000.0,-,
05/03/2021,"2,680","366,700",1004000000.0,54,"2,740","2,720","2,790","2,680",40.0,1.49,"366,700",1004000000.0,-,
04/03/2021,"2,660","121,400",327000000.0,54,"2,760","2,680","2,760","2,660",20.0,0.75,"121,400",327000000.0,-,
03/03/2021,"2,700","109,900",295000000.0,53,"2,700","2,660","2,740","2,620",-40.0,-1.48,"109,900",295000000.0,-,
02/03/2021,"2,730","120,500",329000000.0,54,"2,750","2,700","2,790","2,700",-30.0,-1.1,"120,500",329000000.0,-,
01/03/2021,"2,700","102,800",280000000.0,55,"2,730","2,730","2,800","2,700",30.0,1.11,"102,800",280000000.0,-,
26/02/2021,"2,800","76,700",207000000.0,54,"2,790","2,700","2,790","2,610",-100.0,-3.57,"76,700",207000000.0,-,
25/02/2021,"2,790","125,400",350000000.0,56,"2,790","2,800","2,880","2,750",10.0,0.36,"125,400",350000000.0,-,
24/02/2021,"2,900","371,200",1011000000.0,56,"2,900","2,790","2,920","2,700",-110.0,-3.79,"371,200",1011000000.0,-,
23/02/2021,"3,000","152,700",451000000.0,58,"3,000","2,900","3,100","2,860",-100.0,-3.33,"152,700",451000000.0,-,
22/02/2021,"3,000","85,800",254000000.0,60,"3,000","3,000","3,100","2,900",,,"85,800",254000000.0,-,
19/02/2021,"2,990","223,600",677000000.0,60,"2,990","3,000","3,150","2,800",10.0,0.33,"223,600",677000000.0,-,
18/02/2021,"2,800","575,300",1719000000.0,60,"2,980","2,990","2,990","2,980",190.0,6.79,"575,300",1719000000.0,-,
17/02/2021,"2,620","162,700",456000000.0,56,"2,800","2,800","2,800","2,800",180.0,6.87,"162,700",456000000.0,-,
09/02/2021,"2,450","259,400",631000000.0,52,"2,300","2,620","2,620","2,280",170.0,6.94,"259,400",631000000.0,-,
08/02/2021,"2,600","269,000",652000000.0,49,"2,600","2,450","2,600","2,420",-150.0,-5.77,"269,000",652000000.0,-,
05/02/2021,"2,700","115,500",306000000.0,52,"2,800","2,600","2,800","2,560",-100.0,-3.7,"115,500",306000000.0,-,
04/02/2021,"2,710","273,100",748000000.0,54,"2,890","2,700","2,890","2,600",-10.0,-0.37,"273,100",748000000.0,-,
03/02/2021,"2,710","551,500",1405000000.0,54,"2,530","2,710","2,710","2,530",,,"551,500",1405000000.0,-,
02/02/2021,"2,910","8,200",22000000.0,54,"2,710","2,710","2,710","2,710",-200.0,-6.87,"8,200",22000000.0,-,
01/02/2021,"3,120","27,000",79000000.0,58,"3,120","2,910","3,120","2,910",-210.0,-6.73,"27,000",79000000.0,-,
29/01/2021,"3,350","59,600",186000000.0,62,"3,120","3,120","3,120","3,120",-230.0,-6.87,"59,600",186000000.0,-,
28/01/2021,"3,600","73,400",246000000.0,67,"3,350","3,350","3,350","3,350",-250.0,-6.94,"73,400",246000000.0,-,
27/01/2021,"3,600","579,700",1961000000.0,72,"3,400","3,600","3,600","3,350",,,"579,700",1961000000.0,-,
26/01/2021,"3,460","1,114,300",3865000000.0,72,"3,700","3,600","3,700","3,220",140.0,4.05,"1,114,300",3865000000.0,-,
25/01/2021,"3,240","213,300",738000000.0,69,"3,460","3,460","3,460","3,450",220.0,6.79,"213,300",738000000.0,-,
22/01/2021,"3,030","371,400",1203000000.0,65,"3,240","3,240","3,240","3,240",210.0,6.93,"371,400",1203000000.0,-,
21/01/2021,"2,840","1,021,900",3090000000.0,61,"3,030","3,030","3,030","3,000",190.0,6.69,"1,021,900",3090000000.0,-,
20/01/2021,"2,660","467,300",1261000000.0,57,"2,660","2,840","2,840","2,590",180.0,6.77,"467,300",1261000000.0,-,
19/01/2021,"2,660","1,043,300",2906000000.0,53,"2,840","2,660","2,840","2,530",,,"1,043,300",2906000000.0,-,
18/01/2021,"2,490","199,500",531000000.0,53,"2,660","2,660","2,660","2,660",170.0,6.83,"199,500",531000000.0,-,
15/01/2021,"2,330","396,400",977000000.0,50,"2,430","2,490","2,490","2,380",160.0,6.87,"396,400",977000000.0,-,
14/01/2021,"2,280","711,700",1670000000.0,47,"2,430","2,330","2,430","2,150",50.0,2.19,"711,700",1670000000.0,-,
13/01/2021,"2,140","293,500",669000000.0,46,"2,280","2,280","2,280","2,270",140.0,6.54,"293,500",669000000.0,-,
12/01/2021,"2,000","296,000",632000000.0,43,"2,140","2,140","2,140","2,100",140.0,7.0,"296,000",632000000.0,-,
11/01/2021,"1,870","212,000",423000000.0,40,"1,950","2,000","2,000","1,950",130.0,6.95,"212,000",423000000.0,-,
08/01/2021,"1,750","522,500",976000000.0,37,"1,800","1,870","1,870","1,800",120.0,6.86,"522,500",976000000.0,-,
07/01/2021,"1,650","199,700",344000000.0,35,"1,660","1,750","1,750","1,660",100.0,6.06,"199,700",344000000.0,-,
06/01/2021,"1,650","125,700",209000000.0,33,"1,650","1,650","1,690","1,650",,,"125,700",209000000.0,-,
05/01/2021,"1,740","157,400",270000000.0,33,"1,740","1,650","1,770","1,640",-90.0,-5.17,"157,400",270000000.0,-,
04/01/2021,"1,690","117,300",200000000.0,35,"1,700","1,740","1,780","1,690",50.0,2.96,"117,300",200000000.0,-,
31/12/2020,"1,760","384,260",638000000.0,34,"1,770","1,690","1,770","1,640",-70.0,-3.98,"384,260",638000000.0,-,
30/12/2020,"1,760","150,830",263000000.0,35,"1,760","1,760","1,800","1,710",,,"150,830",263000000.0,-,
29/12/2020,"1,650","379,370",664000000.0,35,"1,750","1,760","1,760","1,700",110.0,6.67,"379,370",664000000.0,-,
28/12/2020,"1,550","355,700",581000000.0,33,"1,500","1,650","1,650","1,500",100.0,6.45,"355,700",581000000.0,-,
25/12/2020,"1,570","44,780",69000000.0,31,"1,570","1,550","1,570","1,530",-20.0,-1.27,"44,780",69000000.0,-,
24/12/2020,"1,530","188,720",297000000.0,31,"1,600","1,570","1,630","1,530",40.0,2.61,"188,720",297000000.0,-,
23/12/2020,"1,430","209,840",316000000.0,31,"1,450","1,530","1,530","1,450",100.0,6.99,"209,840",316000000.0,-,
22/12/2020,"1,420","57,320",82000000.0,29,"1,430","1,430","1,430","1,400",10.0,0.7,"57,320",82000000.0,-,
21/12/2020,"1,380","53,640",75000000.0,28,"1,400","1,420","1,430","1,400",40.0,2.9,"53,640",75000000.0,-,
18/12/2020,"1,410","41,630",58000000.0,28,"1,400","1,380","1,420","1,380",-30.0,-2.13,"41,630",58000000.0,-,
17/12/2020,"1,410","26,350",37000000.0,28,"1,400","1,410","1,410","1,380",,,"26,350",37000000.0,-,
16/12/2020,"1,370","24,570",34000000.0,28,"1,370","1,410","1,410","1,370",40.0,2.92,"24,570",34000000.0,-,
15/12/2020,"1,410","20,040",28000000.0,27,"1,410","1,370","1,410","1,360",-40.0,-2.84,"20,040",28000000.0,-,
14/12/2020,"1,430","31,430",44000000.0,28,"1,430","1,410","1,430","1,360",-20.0,-1.4,"31,430",44000000.0,-,
11/12/2020,"1,400","18,710",27000000.0,29,"1,400","1,430","1,440","1,400",30.0,2.14,"18,710",27000000.0,-,
10/12/2020,"1,410","19,430",27000000.0,28,"1,410","1,400","1,420","1,400",-10.0,-0.71,"19,430",27000000.0,-,
09/12/2020,"1,370","80,600",111000000.0,28,"1,380","1,410","1,410","1,350",40.0,2.92,"80,600",111000000.0,-,
08/12/2020,"1,440","55,460",76000000.0,27,"1,420","1,370","1,420","1,370",-70.0,-4.86,"55,460",76000000.0,-,
07/12/2020,"1,450","11,970",17000000.0,29,"1,450","1,440","1,530","1,440",-10.0,-0.69,"11,970",17000000.0,-,
04/12/2020,"1,470","18,280",27000000.0,29,"1,470","1,450","1,470","1,390",-20.0,-1.36,"18,280",27000000.0,-,
03/12/2020,"1,460","52,910",78000000.0,29,"1,470","1,470","1,480","1,460",10.0,0.68,"52,910",78000000.0,-,
02/12/2020,"1,400","22,570",32000000.0,29,"1,400","1,460","1,480","1,350",60.0,4.29,"22,570",32000000.0,-,
01/12/2020,"1,390","7,750",11000000.0,28,"1,400","1,400","1,400","1,340",10.0,0.72,"7,750",11000000.0,-,
30/11/2020,"1,390","21,890",30000000.0,28,"1,430","1,390","1,430","1,310",,,"21,890",30000000.0,-,
27/11/2020,"1,400","69,270",94000000.0,28,"1,400","1,390","1,400","1,330",-10.0,-0.71,"69,270",94000000.0,-,
26/11/2020,"1,470","55,430",77000000.0,28,"1,460","1,400","1,460","1,370",-70.0,-4.76,"55,430",77000000.0,-,
25/11/2020,"1,460","30,430",43000000.0,29,"1,480","1,470","1,480","1,380",10.0,0.68,"30,430",43000000.0,-,
24/11/2020,"1,470","23,350",34000000.0,29,"1,450","1,460","1,480","1,400",-10.0,-0.68,"23,350",34000000.0,-,
23/11/2020,"1,500","53,620",79000000.0,29,"1,490","1,470","1,490","1,450",-30.0,-2.0,"53,620",79000000.0,-,
20/11/2020,"1,500","48,100",74000000.0,30,"1,570","1,500","1,580","1,500",,,"48,100",74000000.0,-,
19/11/2020,"1,420","172,800",259000000.0,30,"1,450","1,500","1,510","1,450",80.0,5.63,"172,800",259000000.0,-,
18/11/2020,"1,390","138,060",197000000.0,28,"1,390","1,420","1,460","1,390",30.0,2.16,"138,060",197000000.0,-,
17/11/2020,"1,400","36,740",49000000.0,28,"1,320","1,390","1,400","1,310",-10.0,-0.71,"36,740",49000000.0,-,
16/11/2020,"1,400","7,490",10000000.0,28,"1,420","1,400","1,420","1,340",,,"7,490",10000000.0,-,
13/11/2020,"1,400","7,910",11000000.0,28,"1,330","1,400","1,410","1,330",,,"7,910",11000000.0,-,
12/11/2020,"1,420","35,550",49000000.0,28,"1,420","1,400","1,420","1,340",-20.0,-1.41,"35,550",49000000.0,-,
11/11/2020,"1,420","3,090",4000000.0,28,"1,420","1,420","1,420","1,410",,,"3,090",4000000.0,-,
10/11/2020,"1,420","10,380",15000000.0,28,"1,430","1,420","1,430","1,400",,,"10,380",15000000.0,-,
09/11/2020,"1,440","53,640",73000000.0,28,"1,400","1,420","1,440","1,350",-20.0,-1.39,"53,640",73000000.0,-,
06/11/2020,"1,420","6,700",10000000.0,29,"1,500","1,440","1,500","1,400",20.0,1.41,"6,700",10000000.0,-,
05/11/2020,"1,470","1,360",2000000.0,28,"1,470","1,420","1,470","1,400",-50.0,-3.4,"1,360",2000000.0,-,
04/11/2020,"1,470","4,420",6000000.0,29,"1,470","1,470","1,470","1,400",,,"4,420",6000000.0,-,
03/11/2020,"1,450",370,1000000.0,29,"1,450","1,470","1,470","1,450",20.0,1.38,370,1000000.0,-,
02/11/2020,"1,450","6,880",10000000.0,29,"1,450","1,450","1,450","1,400",,,"6,880",10000000.0,-,
30/10/2020,"1,360","56,660",81000000.0,29,"1,400","1,450","1,450","1,320",90.0,6.62,"56,660",81000000.0,-,
29/10/2020,"1,390","32,930",43000000.0,27,"1,350","1,360","1,360","1,300",-30.0,-2.16,"32,930",43000000.0,-,
28/10/2020,"1,390","106,910",140000000.0,28,"1,400","1,390","1,420","1,300",,,"106,910",140000000.0,-,
27/10/2020,"1,420","16,810",24000000.0,28,"1,370","1,390","1,420","1,370",-30.0,-2.11,"16,810",24000000.0,-,
26/10/2020,"1,430","13,480",19000000.0,28,"1,400","1,420","1,450","1,400",-10.0,-0.7,"13,480",19000000.0,-,
23/10/2020,"1,480","19,530",28000000.0,29,"1,480","1,430","1,480","1,430",-50.0,-3.38,"19,530",28000000.0,-,
22/10/2020,"1,480","1,630",2000000.0,30,"1,480","1,480","1,480","1,480",,,"1,630",2000000.0,-,
21/10/2020,"1,440","18,690",28000000.0,30,"1,450","1,480","1,480","1,450",40.0,2.78,"18,690",28000000.0,-,
20/10/2020,"1,450","28,370",41000000.0,29,"1,430","1,440","1,460","1,430",-10.0,-0.69,"28,370",41000000.0,-,
19/10/2020,"1,470","7,860",12000000.0,29,"1,470","1,450","1,480","1,450",-20.0,-1.36,"7,860",12000000.0,-,
16/10/2020,"1,500","13,800",20000000.0,29,"1,480","1,470","1,500","1,460",-30.0,-2.0,"13,800",20000000.0,-,
15/10/2020,"1,560","630,630",923000000.0,30,"1,510","1,500","1,510","1,460",-60.0,-3.85,"630,630",923000000.0,-,
14/10/2020,"1,580","127,000",191000000.0,31,"1,580","1,560","1,580","1,490",-20.0,-1.27,"127,000",191000000.0,-,
13/10/2020,"1,530","158,130",237000000.0,32,"1,510","1,580","1,580","1,500",50.0,3.27,"158,130",237000000.0,-,
12/10/2020,"1,550","19,240",30000000.0,31,"1,550","1,530","1,550","1,530",-20.0,-1.29,"19,240",30000000.0,-,
09/10/2020,"1,550","160,010",248000000.0,31,"1,550","1,550","1,610","1,550",,,"160,010",248000000.0,-,
08/10/2020,"1,600","43,190",67000000.0,31,"1,600","1,550","1,600","1,550",-50.0,-3.13,"43,190",67000000.0,-,
07/10/2020,"1,550","5,050",8000000.0,32,"1,550","1,600","1,600","1,550",50.0,3.23,"5,050",8000000.0,-,
06/10/2020,"1,590","15,190",23000000.0,31,"1,620","1,550","1,620","1,500",-40.0,-2.52,"15,190",23000000.0,-,
05/10/2020,"1,490","47,720",74000000.0,32,"1,490","1,590","1,590","1,480",100.0,6.71,"47,720",74000000.0,-,
02/10/2020,"1,550","22,430",34000000.0,30,"1,500","1,490","1,580","1,490",-60.0,-3.87,"22,430",34000000.0,-,
01/10/2020,"1,570","11,530",18000000.0,31,"1,560","1,550","1,560","1,520",-20.0,-1.27,"11,530",18000000.0,-,
30/09/2020,"1,570","2,990",5000000.0,31,"1,500","1,570","1,570","1,480",,,"2,990",5000000.0,-,
29/09/2020,"1,570",810,1000000.0,31,"1,590","1,570","1,590","1,510",,,810,1000000.0,-,
28/09/2020,"1,570","10,250",16000000.0,31,"1,570","1,570","1,570","1,570",,,"10,250",16000000.0,-,
25/09/2020,"1,570","2,980",5000000.0,31,"1,620","1,570","1,620","1,570",,,"2,980",5000000.0,-,
24/09/2020,"1,560","11,270",18000000.0,31,"1,560","1,570","1,570","1,550",10.0,0.64,"11,270",18000000.0,-,
23/09/2020,"1,600","26,410",41000000.0,31,"1,570","1,560","1,610","1,560",-40.0,-2.5,"26,410",41000000.0,-,
22/09/2020,"1,610","14,110",22000000.0,32,"1,620","1,600","1,620","1,570",-10.0,-0.62,"14,110",22000000.0,-,
21/09/2020,"1,610","34,250",56000000.0,32,"1,640","1,610","1,640","1,610",,,"34,250",56000000.0,-,
18/09/2020,"1,620","26,300",42000000.0,32,"1,610","1,610","1,620","1,560",-10.0,-0.62,"26,300",42000000.0,-,
17/09/2020,"1,620","50,190",81000000.0,32,"1,610","1,620","1,620","1,600",,,"50,190",81000000.0,-,
16/09/2020,"1,630","73,670",118000000.0,32,"1,610","1,620","1,620","1,590",-10.0,-0.61,"73,670",118000000.0,-,
15/09/2020,"1,630","31,410",51000000.0,33,"1,630","1,630","1,640","1,610",,,"31,410",51000000.0,-,
14/09/2020,"1,650","26,540",43000000.0,33,"1,600","1,630","1,630","1,600",-20.0,-1.21,"26,540",43000000.0,-,
11/09/2020,"1,650","16,310",27000000.0,33,"1,650","1,650","1,650","1,600",,,"16,310",27000000.0,-,
10/09/2020,"1,620","51,570",83000000.0,33,"1,660","1,650","1,660","1,520",30.0,1.85,"51,570",83000000.0,-,
09/09/2020,"1,560","95,160",150000000.0,32,"1,600","1,620","1,620","1,560",60.0,3.85,"95,160",150000000.0,-,
08/09/2020,"1,540","120,730",195000000.0,31,"1,630","1,560","1,640","1,500",20.0,1.3,"120,730",195000000.0,-,
07/09/2020,"1,580","7,020",11000000.0,31,"1,640","1,540","1,640","1,540",-40.0,-2.53,"7,020",11000000.0,-,
04/09/2020,"1,630","23,430",37000000.0,32,"1,530","1,580","1,610","1,530",-50.0,-3.07,"23,430",37000000.0,-,
03/09/2020,"1,620","18,090",29000000.0,33,"1,530","1,630","1,640","1,530",10.0,0.62,"18,090",29000000.0,-,
01/09/2020,"1,640","27,390",45000000.0,32,"1,640","1,620","1,640","1,570",-20.0,-1.22,"27,390",45000000.0,-,
31/08/2020,"1,640","64,060",105000000.0,33,"1,650","1,640","1,650","1,620",,,"64,060",105000000.0,-,
28/08/2020,"1,650","132,110",212000000.0,33,"1,650","1,640","1,700","1,540",-10.0,-0.61,"132,110",212000000.0,-,
27/08/2020,"1,650","25,420",41000000.0,33,"1,650","1,650","1,650","1,600",,,"25,420",41000000.0,-,
26/08/2020,"1,620","42,790",69000000.0,33,"1,610","1,650","1,650","1,600",30.0,1.85,"42,790",69000000.0,-,
25/08/2020,"1,620","45,720",74000000.0,32,"1,720","1,620","1,720","1,600",,,"45,720",74000000.0,-,
24/08/2020,"1,700","42,070",70000000.0,32,"1,700","1,620","1,700","1,620",-80.0,-4.71,"42,070",70000000.0,-,
21/08/2020,"1,700","139,870",228000000.0,34,"1,700","1,700","1,700","1,590",,,"139,870",228000000.0,-,
20/08/2020,"1,720","24,410",42000000.0,34,"1,720","1,700","1,770","1,700",-20.0,-1.16,"24,410",42000000.0,-,
19/08/2020,"1,720","177,710",302000000.0,34,"1,770","1,720","1,770","1,600",,,"177,710",302000000.0,-,
18/08/2020,"1,610","258,350",443000000.0,34,"1,720","1,720","1,720","1,650",110.0,6.83,"258,350",443000000.0,-,
17/08/2020,"1,510","29,090",47000000.0,32,"1,610","1,610","1,610","1,610",100.0,6.62,"29,090",47000000.0,-,
14/08/2020,"1,420","88,470",134000000.0,30,"1,450","1,510","1,510","1,450",90.0,6.34,"88,470",134000000.0,-,
13/08/2020,"1,330","74,390",104000000.0,28,"1,360","1,420","1,420","1,330",90.0,6.77,"74,390",104000000.0,-,
12/08/2020,"1,350","20,400",26000000.0,27,"1,290","1,330","1,330","1,290",-20.0,-1.48,"20,400",26000000.0,-,
11/08/2020,"1,360","7,050",9000000.0,27,"1,300","1,350","1,350","1,300",-10.0,-0.74,"7,050",9000000.0,-,
10/08/2020,"1,360","47,810",65000000.0,27,"1,300","1,360","1,360","1,300",,,"47,810",65000000.0,-,
07/08/2020,"1,360","1,370",2000000.0,27,"1,370","1,360","1,370","1,360",,,"1,370",2000000.0,-,
06/08/2020,"1,300","21,430",29000000.0,27,"1,260","1,360","1,370","1,260",60.0,4.62,"21,430",29000000.0,-,
05/08/2020,"1,360","38,080",50000000.0,26,"1,440","1,300","1,440","1,300",-60.0,-4.41,"38,080",50000000.0,-,
04/08/2020,"1,320","33,010",45000000.0,27,"1,350","1,360","1,400","1,350",40.0,3.03,"33,010",45000000.0,-,
03/08/2020,"1,290","11,770",15000000.0,26,"1,210","1,320","1,350","1,210",30.0,2.33,"11,770",15000000.0,-,
31/07/2020,"1,270","21,430",27000000.0,26,"1,260","1,290","1,290","1,260",20.0,1.57,"21,430",27000000.0,-,
30/07/2020,"1,280","19,210",25000000.0,25,"1,280","1,270","1,320","1,260",-10.0,-0.78,"19,210",25000000.0,-,
29/07/2020,"1,340","27,300",35000000.0,26,"1,390","1,280","1,390","1,280",-60.0,-4.48,"27,300",35000000.0,-,
28/07/2020,"1,350","44,300",59000000.0,27,"1,260","1,340","1,350","1,260",-10.0,-0.74,"44,300",59000000.0,-,
27/07/2020,"1,450","53,210",72000000.0,27,"1,350","1,350","1,410","1,350",-100.0,-6.9,"53,210",72000000.0,-,
24/07/2020,"1,520","42,910",62000000.0,29,"1,480","1,450","1,510","1,420",-70.0,-4.61,"42,910",62000000.0,-,
23/07/2020,"1,500","18,100",27000000.0,30,"1,500","1,520","1,570","1,480",20.0,1.33,"18,100",27000000.0,-,
22/07/2020,"1,560","11,780",18000000.0,30,"1,600","1,500","1,600","1,500",-60.0,-3.85,"11,780",18000000.0,-,
21/07/2020,"1,510","21,400",33000000.0,31,"1,530","1,560","1,600","1,510",50.0,3.31,"21,400",33000000.0,-,
20/07/2020,"1,570","46,630",70000000.0,30,"1,590","1,510","1,590","1,480",-60.0,-3.82,"46,630",70000000.0,-,
17/07/2020,"1,600","14,830",23000000.0,31,"1,600","1,570","1,600","1,550",-30.0,-1.88,"14,830",23000000.0,-,
16/07/2020,"1,630","24,530",39000000.0,32,"1,630","1,600","1,630","1,590",-30.0,-1.84,"24,530",39000000.0,-,
15/07/2020,"1,650","19,060",31000000.0,33,"1,700","1,630","1,700","1,600",-20.0,-1.21,"19,060",31000000.0,-,
14/07/2020,"1,700","31,300",50000000.0,33,"1,700","1,650","1,700","1,600",-50.0,-2.94,"31,300",50000000.0,-,
13/07/2020,"1,660","30,580",51000000.0,34,"1,660","1,700","1,730","1,620",40.0,2.41,"30,580",51000000.0,-,
10/07/2020,"1,610","23,910",40000000.0,33,"1,700","1,660","1,700","1,600",50.0,3.11,"23,910",40000000.0,-,
09/07/2020,"1,570","58,550",92000000.0,32,"1,640","1,610","1,640","1,510",40.0,2.55,"58,550",92000000.0,-,
08/07/2020,"1,610","16,330",25000000.0,31,"1,610","1,570","1,670","1,530",-40.0,-2.48,"16,330",25000000.0,-,
07/07/2020,"1,710","63,810",103000000.0,32,"1,710","1,610","1,710","1,600",-100.0,-5.85,"63,810",103000000.0,-,
06/07/2020,"1,700","72,670",126000000.0,34,"1,770","1,710","1,790","1,700",10.0,0.59,"72,670",126000000.0,-,
03/07/2020,"1,590","151,430",256000000.0,34,"1,700","1,700","1,700","1,600",110.0,6.92,"151,430",256000000.0,-,
02/07/2020,"1,490","68,620",109000000.0,32,"1,550","1,590","1,590","1,550",100.0,6.71,"68,620",109000000.0,-,
01/07/2020,"1,400","68,220",98000000.0,30,"1,320","1,490","1,490","1,320",90.0,6.43,"68,220",98000000.0,-,
30/06/2020,"1,470","59,770",84000000.0,28,"1,500","1,400","1,500","1,370",-70.0,-4.76,"59,770",84000000.0,-,
29/06/2020,"1,570","108,870",160000000.0,29,"1,570","1,470","1,630","1,470",-100.0,-6.37,"108,870",160000000.0,-,
26/06/2020,"1,650","57,840",91000000.0,31,"1,730","1,570","1,730","1,550",-80.0,-4.85,"57,840",91000000.0,-,
25/06/2020,"1,770","191,540",318000000.0,33,"1,650","1,650","1,760","1,650",-120.0,-6.78,"191,540",318000000.0,-,
24/06/2020,"1,900","88,950",158000000.0,35,"1,920","1,770","1,920","1,770",-130.0,-6.84,"88,950",158000000.0,-,
23/06/2020,"1,900","141,600",256000000.0,38,"1,770","1,900","2,000","1,770",,,"141,600",256000000.0,-,
22/06/2020,"1,900","482,620",878000000.0,38,"1,770","1,900","2,020","1,770",,,"482,620",878000000.0,-,
19/06/2020,"2,040","73,970",141000000.0,38,"1,900","1,900","1,900","1,900",-140.0,-6.86,"73,970",141000000.0,-,
18/06/2020,"2,190","60,500",123000000.0,41,"2,040","2,040","2,040","2,040",-150.0,-6.85,"60,500",123000000.0,-,
17/06/2020,"2,350","215,410",502000000.0,44,"2,500","2,190","2,500","2,190",-160.0,-6.81,"215,410",502000000.0,-,
16/06/2020,"2,200","100,950",237000000.0,47,"2,350","2,350","2,350","2,350",150.0,6.82,"100,950",237000000.0,-,
15/06/2020,"2,060","362,180",797000000.0,44,"2,200","2,200","2,200","2,200",140.0,6.8,"362,180",797000000.0,-,
12/06/2020,"1,930","514,440",1035000000.0,41,"1,820","2,060","2,060","1,820",130.0,6.74,"514,440",1035000000.0,-,
11/06/2020,"1,810","45,700",88000000.0,39,"1,930","1,930","1,930","1,930",120.0,6.63,"45,700",88000000.0,-,
10/06/2020,"1,700","157,050",284000000.0,36,"1,810","1,810","1,810","1,810",110.0,6.47,"157,050",284000000.0,-,
09/06/2020,"1,590","180,510",307000000.0,34,"1,700","1,700","1,700","1,700",110.0,6.92,"180,510",307000000.0,-,
08/06/2020,"1,490","233,830",372000000.0,32,"1,590","1,590","1,590","1,590",100.0,6.71,"233,830",372000000.0,-,
05/06/2020,"1,400","24,660",37000000.0,30,"1,490","1,490","1,490","1,490",90.0,6.43,"24,660",37000000.0,-,
04/06/2020,"1,310","18,520",26000000.0,28,"1,400","1,400","1,400","1,400",90.0,6.87,"18,520",26000000.0,-,
03/06/2020,"1,230","65,240",85000000.0,26,"1,310","1,310","1,310","1,280",80.0,6.5,"65,240",85000000.0,-,
02/06/2020,"1,150","310,820",369000000.0,25,"1,150","1,230","1,230","1,150",80.0,6.96,"310,820",369000000.0,-,
01/06/2020,"1,170","18,070",20000000.0,23,"1,100","1,150","1,220","1,090",-20.0,-1.71,"18,070",20000000.0,-,
29/05/2020,"1,160","8,480",10000000.0,23,"1,170","1,170","1,170","1,160",10.0,0.86,"8,480",10000000.0,-,
28/05/2020,"1,180","6,970",8000000.0,23,"1,180","1,160","1,180","1,160",-20.0,-1.69,"6,970",8000000.0,-,
27/05/2020,"1,130","57,400",67000000.0,24,"1,170","1,180","1,180","1,160",50.0,4.42,"57,400",67000000.0,-,
26/05/2020,"1,130","95,500",108000000.0,23,"1,130","1,130","1,130","1,120",,,"95,500",108000000.0,-,
25/05/2020,"1,130","37,040",42000000.0,23,"1,130","1,130","1,130","1,100",,,"37,040",42000000.0,-,
22/05/2020,"1,130",50,,23,"1,060","1,130","1,140","1,060",,,50,,-,
21/05/2020,"1,150","1,530",2000000.0,23,"1,150","1,130","1,150","1,130",-20.0,-1.74,"1,530",2000000.0,-,
20/05/2020,"1,110","23,710",25000000.0,23,"1,070","1,150","1,150","1,040",40.0,3.6,"23,710",25000000.0,-,
19/05/2020,"1,170","15,010",17000000.0,22,"1,100","1,110","1,150","1,090",-60.0,-5.13,"15,010",17000000.0,-,
18/05/2020,"1,180","4,650",5000000.0,23,"1,100","1,170","1,170","1,100",-10.0,-0.85,"4,650",5000000.0,-,
15/05/2020,"1,170","24,230",27000000.0,24,"1,170","1,180","1,180","1,090",10.0,0.85,"24,230",27000000.0,-,
14/05/2020,"1,150","7,130",8000000.0,23,"1,170","1,170","1,170","1,100",20.0,1.74,"7,130",8000000.0,-,
13/05/2020,"1,100","104,330",122000000.0,23,"1,150","1,150","1,170","1,100",50.0,4.55,"104,330",122000000.0,-,
12/05/2020,"1,060","63,660",70000000.0,22,"1,060","1,100","1,130","1,060",40.0,3.77,"63,660",70000000.0,-,
11/05/2020,"1,060","10,140",11000000.0,21,"1,060","1,060","1,060","1,020",,,"10,140",11000000.0,-,
08/05/2020,"1,020","20,450",21000000.0,21,"1,020","1,060","1,060","1,020",40.0,3.92,"20,450",21000000.0,-,
07/05/2020,"1,060","7,740",8000000.0,20,"1,060","1,020","1,060","1,020",-40.0,-3.77,"7,740",8000000.0,-,
06/05/2020,"1,050","21,020",22000000.0,21,"1,050","1,060","1,060","1,050",10.0,0.95,"21,020",22000000.0,-,
05/05/2020,"1,060","8,330",9000000.0,21,"1,050","1,050","1,060","1,050",-10.0,-0.94,"8,330",9000000.0,-,
04/05/2020,"1,040","9,150",10000000.0,21,"1,070","1,060","1,070","1,040",20.0,1.92,"9,150",10000000.0,-,
29/04/2020,"1,000","56,780",58000000.0,21,"1,040","1,040","1,050","1,000",40.0,4.0,"56,780",58000000.0,-,
28/04/2020,"1,010","20,800",21000000.0,20,"1,010","1,000","1,030","1,000",-10.0,-0.99,"20,800",21000000.0,-,
27/04/2020,"1,010","2,160",2000000.0,20,"1,010","1,010","1,060","1,010",,,"2,160",2000000.0,-,
24/04/2020,"1,050","6,280",6000000.0,20,"1,070","1,010","1,070","1,000",-40.0,-3.81,"6,280",6000000.0,-,
23/04/2020,"1,030","8,930",9000000.0,21,"1,050","1,050","1,090","1,050",20.0,1.94,"8,930",9000000.0,-,
22/04/2020,"1,000","12,260",12000000.0,21,"1,000","1,030","1,030",930,30.0,3.0,"12,260",12000000.0,-,
21/04/2020,"1,050","15,230",16000000.0,20,"1,040","1,000","1,050","1,000",-50.0,-4.76,"15,230",16000000.0,-,
20/04/2020,"1,050","51,140",54000000.0,21,"1,080","1,050","1,080","1,040",,,"51,140",54000000.0,-,
17/04/2020,"1,090","16,890",18000000.0,21,"1,070","1,050","1,090","1,030",-40.0,-3.67,"16,890",18000000.0,-,
16/04/2020,"1,100","4,360",5000000.0,22,"1,050","1,090","1,100","1,050",-10.0,-0.91,"4,360",5000000.0,-,
15/04/2020,"1,140","31,500",35000000.0,22,"1,140","1,100","1,140","1,090",-40.0,-3.51,"31,500",35000000.0,-,
14/04/2020,"1,120","24,760",29000000.0,23,"1,170","1,140","1,180","1,120",20.0,1.79,"24,760",29000000.0,-,
13/04/2020,"1,050","63,310",68000000.0,22,"1,050","1,120","1,120","1,020",70.0,6.67,"63,310",68000000.0,-,
10/04/2020,"1,120","251,260",264000000.0,21,"1,050","1,050","1,050","1,050",-70.0,-6.25,"251,260",264000000.0,-,
09/04/2020,"1,200","24,160",27000000.0,22,"1,120","1,120","1,120","1,120",-80.0,-6.67,"24,160",27000000.0,-,
08/04/2020,"1,280","12,030",14000000.0,24,"1,210","1,200","1,210","1,200",-80.0,-6.25,"12,030",14000000.0,-,
07/04/2020,"1,240","41,720",49000000.0,26,"1,240","1,280","1,320","1,160",40.0,3.23,"41,720",49000000.0,-,
06/04/2020,"1,160","178,560",207000000.0,25,"1,240","1,240","1,240","1,080",80.0,6.9,"178,560",207000000.0,-,
03/04/2020,"1,090","232,530",270000000.0,23,"1,160","1,160","1,160","1,160",70.0,6.42,"232,530",270000000.0,-,
01/04/2020,"1,020","47,690",51000000.0,22,"1,090","1,090","1,090","1,060",70.0,6.86,"47,690",51000000.0,-,
31/03/2020,"1,050","51,680",56000000.0,20,"1,070","1,020","1,120","1,020",-30.0,-2.86,"51,680",56000000.0,-,
30/03/2020,"1,050","124,500",130000000.0,21,"1,020","1,050","1,060","1,000",,,"124,500",130000000.0,-,
27/03/2020,"1,090","28,820",30000000.0,21,"1,030","1,050","1,060","1,030",-40.0,-3.67,"28,820",30000000.0,-,
26/03/2020,"1,090","85,910",88000000.0,22,"1,020","1,090","1,100","1,020",,,"85,910",88000000.0,-,
25/03/2020,"1,100","5,180",6000000.0,22,"1,040","1,090","1,100","1,040",-10.0,-0.91,"5,180",6000000.0,-,
24/03/2020,"1,100","5,970",6000000.0,22,"1,050","1,100","1,100","1,030",,,"5,970",6000000.0,-,
23/03/2020,"1,060","38,950",39000000.0,22,"1,000","1,100","1,120","1,000",40.0,3.77,"38,950",39000000.0,-,
20/03/2020,"1,120","10,100",12000000.0,21,"1,130","1,060","1,190","1,060",-60.0,-5.36,"10,100",12000000.0,-,
19/03/2020,"1,100","17,220",18000000.0,22,"1,050","1,120","1,170","1,040",20.0,1.82,"17,220",18000000.0,-,
18/03/2020,"1,120","4,070",5000000.0,22,"1,140","1,100","1,140","1,100",-20.0,-1.79,"4,070",5000000.0,-,
17/03/2020,"1,120",620,1000000.0,22,"1,050","1,120","1,140","1,050",,,620,1000000.0,-,
16/03/2020,"1,050","3,160",3000000.0,22,"1,050","1,120","1,120","1,000",70.0,6.67,"3,160",3000000.0,-,
13/03/2020,"1,120","57,640",61000000.0,21,"1,060","1,050","1,180","1,050",-70.0,-6.25,"57,640",61000000.0,-,
12/03/2020,"1,200","20,360",23000000.0,22,"1,120","1,120","1,120","1,120",-80.0,-6.67,"20,360",23000000.0,-,
11/03/2020,"1,220","1,060",1000000.0,24,"1,230","1,200","1,230","1,200",-20.0,-1.64,"1,060",1000000.0,-,
10/03/2020,"1,150","10,680",11000000.0,24,"1,070","1,220","1,220","1,070",70.0,6.09,"10,680",11000000.0,-,
09/03/2020,"1,230",190,,23,"1,150","1,150","1,150","1,150",-80.0,-6.5,190,,-,
06/03/2020,"1,150","21,660",25000000.0,25,"1,150","1,230","1,230","1,150",80.0,6.96,"21,660",25000000.0,-,
05/03/2020,"1,130","40,200",45000000.0,23,"1,200","1,150","1,200","1,090",20.0,1.77,"40,200",45000000.0,-,
04/03/2020,"1,140","2,310",3000000.0,23,"1,140","1,130","1,140","1,070",-10.0,-0.88,"2,310",3000000.0,-,
03/03/2020,"1,210","17,330",20000000.0,23,"1,200","1,140","1,200","1,130",-70.0,-5.79,"17,330",20000000.0,-,
02/03/2020,"1,150","10,650",12000000.0,24,"1,150","1,210","1,210","1,070",60.0,5.22,"10,650",12000000.0,-,
28/02/2020,"1,230",530,1000000.0,23,"1,150","1,150","1,150","1,150",-80.0,-6.5,530,1000000.0,-,
27/02/2020,"1,160","7,050",8000000.0,25,"1,150","1,230","1,230","1,150",70.0,6.03,"7,050",8000000.0,-,
26/02/2020,"1,100","2,040",2000000.0,23,"1,060","1,160","1,160","1,050",60.0,5.45,"2,040",2000000.0,-,
25/02/2020,"1,040","9,020",10000000.0,22,"1,050","1,100","1,100","1,050",60.0,5.77,"9,020",10000000.0,-,
24/02/2020,"1,110","80,030",83000000.0,21,"1,170","1,040","1,170","1,040",-70.0,-6.31,"80,030",83000000.0,-,
21/02/2020,"1,190","4,960",6000000.0,22,"1,190","1,110","1,190","1,110",-80.0,-6.72,"4,960",6000000.0,-,
20/02/2020,"1,210","5,310",6000000.0,24,"1,190","1,190","1,190","1,190",-20.0,-1.65,"5,310",6000000.0,-,
19/02/2020,"1,230",100,,24,"1,210","1,210","1,210","1,210",-20.0,-1.63,100,,-,
18/02/2020,"1,230",-,,25,"1,230","1,230","1,230","1,230",,,,,-,
17/02/2020,"1,150","4,710",5000000.0,25,"1,150","1,230","1,230","1,150",80.0,6.96,"4,710",5000000.0,-,
14/02/2020,"1,150","11,210",13000000.0,23,"1,150","1,150","1,150","1,150",,,"11,210",13000000.0,-,
13/02/2020,"1,140",40,,23,"1,080","1,150","1,150","1,080",10.0,0.88,40,,-,
12/02/2020,"1,190","1,100",1000000.0,23,"1,120","1,140","1,140","1,120",-50.0,-4.2,"1,100",1000000.0,-,
11/02/2020,"1,190",80,,24,"1,190","1,190","1,190","1,110",,,80,,-,
10/02/2020,"1,190","10,770",12000000.0,24,"1,120","1,190","1,190","1,110",,,"10,770",12000000.0,-,
07/02/2020,"1,190","2,540",3000000.0,24,"1,110","1,190","1,190","1,110",,,"2,540",3000000.0,-,
06/02/2020,"1,120","16,170",18000000.0,24,"1,130","1,190","1,190","1,130",70.0,6.25,"16,170",18000000.0,-,
05/02/2020,"1,190",500,1000000.0,22,"1,120","1,120","1,120","1,120",-70.0,-5.88,500,1000000.0,-,
04/02/2020,"1,120","2,810",3000000.0,24,"1,180","1,190","1,190","1,180",70.0,6.25,"2,810",3000000.0,-,
03/02/2020,"1,120","15,510",16000000.0,22,"1,050","1,120","1,120","1,050",,,"15,510",16000000.0,-,
31/01/2020,"1,200","11,900",13000000.0,22,"1,230","1,120","1,230","1,120",-80.0,-6.67,"11,900",13000000.0,-,
30/01/2020,"1,200",-,,24,"1,200","1,200","1,200","1,200",,,,,-,
22/01/2020,"1,210","1,010",1000000.0,24,"1,170","1,200","1,200","1,170",-10.0,-0.83,"1,010",1000000.0,-,
21/01/2020,"1,230","1,460",2000000.0,24,"1,230","1,210","1,230","1,150",-20.0,-1.63,"1,460",2000000.0,-,
20/01/2020,"1,200",50,,25,"1,230","1,230","1,230","1,230",30.0,2.5,50,,-,
17/01/2020,"1,200",200,,24,"1,200","1,200","1,200","1,200",,,200,,-,
16/01/2020,"1,200",10,,24,"1,200","1,200","1,200","1,200",,,10,,-,
15/01/2020,"1,200","108,000",122000000.0,24,"1,250","1,200","1,250","1,120",,,"108,000",122000000.0,-,
14/01/2020,"1,240","1,020",1000000.0,24,"1,240","1,200","1,240","1,200",-40.0,-3.23,"1,020",1000000.0,-,
13/01/2020,"1,240","3,500",4000000.0,25,"1,260","1,240","1,260","1,200",,,"3,500",4000000.0,-,
10/01/2020,"1,200","2,360",3000000.0,25,"1,200","1,240","1,260","1,200",40.0,3.33,"2,360",3000000.0,-,
09/01/2020,"1,200","1,180",1000000.0,24,"1,160","1,200","1,260","1,160",,,"1,180",1000000.0,-,
08/01/2020,"1,290","2,010",2000000.0,24,"1,290","1,200","1,290","1,200",-90.0,-6.98,"2,010",2000000.0,-,
07/01/2020,"1,280","2,020",2000000.0,26,"1,210","1,290","1,290","1,210",10.0,0.78,"2,020",2000000.0,-,
06/01/2020,"1,240","1,110",1000000.0,26,"1,300","1,280","1,300","1,180",40.0,3.23,"1,110",1000000.0,-,
03/01/2020,"1,330","4,420",6000000.0,25,"1,330","1,240","1,330","1,240",-90.0,-6.77,"4,420",6000000.0,-,
02/01/2020,"1,290",30,,27,"1,290","1,330","1,330","1,290",40.0,3.1,30,,-,
31/12/2019,"1,300","19,940",25000000.0,26,"1,310","1,290","1,310","1,210",-10.0,-0.77,"19,940",25000000.0,-,
30/12/2019,"1,310","1,310",2000000.0,26,"1,320","1,300","1,320","1,230",-10.0,-0.76,"1,310",2000000.0,-,
27/12/2019,"1,400","4,440",6000000.0,26,"1,310","1,310","1,390","1,310",-90.0,-6.43,"4,440",6000000.0,-,
26/12/2019,"1,440",160,,28,"1,410","1,400","1,410","1,400",-40.0,-2.78,160,,-,
25/12/2019,"1,360",150,,29,"1,440","1,440","1,440","1,440",80.0,5.88,150,,-,
24/12/2019,"1,300","12,940",16000000.0,27,"1,220","1,360","1,380","1,220",60.0,4.62,"12,940",16000000.0,-,
23/12/2019,"1,390","30,700",40000000.0,26,"1,320","1,300","1,400","1,300",-90.0,-6.47,"30,700",40000000.0,-,
20/12/2019,"1,400",550,1000000.0,28,"1,480","1,390","1,480","1,350",-10.0,-0.71,550,1000000.0,-,
19/12/2019,"1,360","3,950",5000000.0,28,"1,360","1,400","1,400","1,350",40.0,2.94,"3,950",5000000.0,-,
18/12/2019,"1,450","2,990",4000000.0,27,"1,360","1,360","1,530","1,360",-90.0,-6.21,"2,990",4000000.0,-,
17/12/2019,"1,550","13,160",19000000.0,29,"1,450","1,450","1,450","1,450",-100.0,-6.45,"13,160",19000000.0,-,
16/12/2019,"1,630",290,,31,"1,630","1,550","1,630","1,550",-80.0,-4.91,290,,-,
13/12/2019,"1,560",780,1000000.0,33,"1,640","1,630","1,640","1,620",70.0,4.49,780,1000000.0,-,
12/12/2019,"1,480","1,470",2000000.0,31,"1,580","1,560","1,580","1,560",80.0,5.41,"1,470",2000000.0,-,
11/12/2019,"1,390","24,920",37000000.0,30,"1,480","1,480","1,480","1,470",90.0,6.47,"24,920",37000000.0,-,
10/12/2019,"1,490","16,880",23000000.0,28,"1,450","1,390","1,450","1,390",-100.0,-6.71,"16,880",23000000.0,-,
09/12/2019,"1,600","7,040",11000000.0,30,"1,600","1,490","1,600","1,490",-110.0,-6.88,"7,040",11000000.0,-,
06/12/2019,"1,500","2,480",4000000.0,32,"1,600","1,600","1,600","1,400",100.0,6.67,"2,480",4000000.0,-,
05/12/2019,"1,470","22,280",34000000.0,30,"1,390","1,500","1,570","1,370",30.0,2.04,"22,280",34000000.0,-,
04/12/2019,"1,570","72,220",106000000.0,29,"1,470","1,470","1,530","1,470",-100.0,-6.37,"72,220",106000000.0,-,
03/12/2019,"1,680","1,060",2000000.0,31,"1,570","1,570","1,570","1,570",-110.0,-6.55,"1,060",2000000.0,-,
02/12/2019,"1,800","9,670",16000000.0,34,"1,680","1,680","1,680","1,680",-120.0,-6.67,"9,670",16000000.0,-,
29/11/2019,"1,800",530,1000000.0,36,"1,700","1,800","1,800","1,700",,,530,1000000.0,-,
28/11/2019,"1,880","28,720",51000000.0,36,"1,880","1,800","1,880","1,750",-80.0,-4.26,"28,720",51000000.0,-,
27/11/2019,"1,800","200,870",383000000.0,38,"1,920","1,880","1,920","1,720",80.0,4.44,"200,870",383000000.0,-,
26/11/2019,"1,690","15,910",29000000.0,36,"1,800","1,800","1,800","1,800",110.0,6.51,"15,910",29000000.0,-,
25/11/2019,"1,580","3,980",7000000.0,34,"1,690","1,690","1,690","1,690",110.0,6.96,"3,980",7000000.0,-,
22/11/2019,"1,480","8,470",13000000.0,32,"1,570","1,580","1,580","1,570",100.0,6.76,"8,470",13000000.0,-,
21/11/2019,"1,390","66,150",97000000.0,30,"1,310","1,480","1,480","1,310",90.0,6.47,"66,150",97000000.0,-,
20/11/2019,"1,300","23,310",32000000.0,28,"1,330","1,390","1,390","1,310",90.0,6.92,"23,310",32000000.0,-,
19/11/2019,"1,220","66,780",83000000.0,26,"1,180","1,300","1,300","1,180",80.0,6.56,"66,780",83000000.0,-,
18/11/2019,"1,220","23,200",28000000.0,24,"1,240","1,220","1,240","1,200",,,"23,200",28000000.0,-,
15/11/2019,"1,150","13,590",16000000.0,24,"1,180","1,220","1,230","1,170",70.0,6.09,"13,590",16000000.0,-,
14/11/2019,"1,150",-,,23,"1,150","1,150","1,150","1,150",,,,,-,
13/11/2019,"1,150","5,050",6000000.0,23,"1,150","1,150","1,150","1,150",,,"5,050",6000000.0,-,
12/11/2019,"1,200","13,000",15000000.0,23,"1,230","1,150","1,240","1,130",-50.0,-4.17,"13,000",15000000.0,-,
11/11/2019,"1,250","7,180",9000000.0,24,"1,250","1,200","1,250","1,170",-50.0,-4.0,"7,180",9000000.0,-,
08/11/2019,"1,200","19,600",23000000.0,25,"1,200","1,250","1,250","1,140",50.0,4.17,"19,600",23000000.0,-,
07/11/2019,"1,150","11,230",13000000.0,24,"1,150","1,200","1,200","1,150",50.0,4.35,"11,230",13000000.0,-,
06/11/2019,"1,200","6,270",7000000.0,23,"1,200","1,150","1,200","1,150",-50.0,-4.17,"6,270",7000000.0,-,
05/11/2019,"1,200",30,,24,"1,240","1,200","1,240","1,200",,,30,,-,
04/11/2019,"1,200","7,160",8000000.0,24,"1,170","1,200","1,200","1,160",,,"7,160",8000000.0,-,
01/11/2019,"1,140","3,540",4000000.0,24,"1,170","1,200","1,210","1,150",60.0,5.26,"3,540",4000000.0,-,
31/10/2019,"1,180",80,,23,"1,130","1,140","1,180","1,130",-40.0,-3.39,80,,-,
30/10/2019,"1,240","1,920",2000000.0,24,"1,200","1,180","1,200","1,180",-60.0,-4.84,"1,920",2000000.0,-,
29/10/2019,"1,230",130,,25,"1,180","1,240","1,240","1,170",10.0,0.81,130,,-,
28/10/2019,"1,250",30,,25,"1,230","1,230","1,230","1,230",-20.0,-1.6,30,,-,
25/10/2019,"1,190",560,1000000.0,25,"1,250","1,250","1,250","1,250",60.0,5.04,560,1000000.0,-,
24/10/2019,"1,190","5,820",7000000.0,24,"1,190","1,190","1,190","1,120",,,"5,820",7000000.0,-,
23/10/2019,"1,150",650,1000000.0,24,"1,190","1,190","1,190","1,190",40.0,3.48,650,1000000.0,-,
22/10/2019,"1,200",510,1000000.0,23,"1,190","1,150","1,190","1,150",-50.0,-4.17,510,1000000.0,-,
21/10/2019,"1,160","1,590",2000000.0,24,"1,150","1,200","1,200","1,150",40.0,3.45,"1,590",2000000.0,-,
18/10/2019,"1,150",440,1000000.0,23,"1,200","1,160","1,200","1,150",10.0,0.87,440,1000000.0,-,
17/10/2019,"1,190",150,,23,"1,180","1,150","1,180","1,150",-40.0,-3.36,150,,-,
16/10/2019,"1,200",20,,24,"1,140","1,190","1,190","1,140",-10.0,-0.83,20,,-,
15/10/2019,"1,210",10,,24,"1,200","1,200","1,200","1,200",-10.0,-0.83,10,,-,
14/10/2019,"1,200","2,310",3000000.0,24,"1,150","1,210","1,210","1,150",10.0,0.83,"2,310",3000000.0,-,
11/10/2019,"1,200",150,,24,"1,260","1,200","1,260","1,200",,,150,,-,
10/10/2019,"1,240","31,750",38000000.0,24,"1,200","1,200","1,200","1,200",-40.0,-3.23,"31,750",38000000.0,-,
09/10/2019,"1,170","4,410",5000000.0,25,"1,200","1,240","1,240","1,160",70.0,5.98,"4,410",5000000.0,-,
08/10/2019,"1,200","11,250",13000000.0,23,"1,210","1,170","1,210","1,170",-30.0,-2.5,"11,250",13000000.0,-,
07/10/2019,"1,180",20,,24,"1,170","1,200","1,200","1,170",20.0,1.69,20,,-,
04/10/2019,"1,230","4,370",5000000.0,24,"1,190","1,180","1,190","1,180",-50.0,-4.07,"4,370",5000000.0,-,
03/10/2019,"1,190","17,100",20000000.0,25,"1,180","1,230","1,230","1,160",40.0,3.36,"17,100",20000000.0,-,
02/10/2019,"1,210","4,480",5000000.0,24,"1,210","1,190","1,210","1,190",-20.0,-1.65,"4,480",5000000.0,-,
01/10/2019,"1,160","29,260",36000000.0,24,"1,210","1,210","1,240","1,200",50.0,4.31,"29,260",36000000.0,-,
30/09/2019,"1,190",290,,23,"1,160","1,160","1,160","1,160",-30.0,-2.52,290,,-,
27/09/2019,"1,160","2,520",3000000.0,24,"1,150","1,190","1,220","1,150",30.0,2.59,"2,520",3000000.0,-,
26/09/2019,"1,220","4,340",5000000.0,23,"1,170","1,160","1,170","1,150",-60.0,-4.92,"4,340",5000000.0,-,
25/09/2019,"1,190",140,,24,"1,190","1,220","1,220","1,190",30.0,2.52,140,,-,
24/09/2019,"1,190","1,000",1000000.0,24,"1,190","1,190","1,190","1,190",,,"1,000",1000000.0,-,
23/09/2019,"1,190","31,610",36000000.0,24,"1,190","1,190","1,190","1,110",,,"31,610",36000000.0,-,
20/09/2019,"1,200","9,780",12000000.0,24,"1,200","1,190","1,200","1,190",-10.0,-0.83,"9,780",12000000.0,-,
19/09/2019,"1,180","10,600",13000000.0,24,"1,240","1,200","1,240","1,200",20.0,1.69,"10,600",13000000.0,-,
18/09/2019,"1,200","14,580",17000000.0,24,"1,200","1,180","1,200","1,180",-20.0,-1.67,"14,580",17000000.0,-,
17/09/2019,"1,260","3,000",4000000.0,24,"1,270","1,200","1,280","1,200",-60.0,-4.76,"3,000",4000000.0,-,
16/09/2019,"1,240",100,,25,"1,260","1,260","1,260","1,260",20.0,1.61,100,,-,
13/09/2019,"1,280","6,500",8000000.0,25,"1,250","1,240","1,250","1,240",-40.0,-3.13,"6,500",8000000.0,-,
12/09/2019,"1,230","2,090",3000000.0,26,"1,290","1,280","1,290","1,180",50.0,4.07,"2,090",3000000.0,-,
11/09/2019,"1,220","2,010",2000000.0,25,"1,230","1,230","1,230","1,230",10.0,0.82,"2,010",2000000.0,-,
10/09/2019,"1,300","2,700",3000000.0,24,"1,330","1,220","1,330","1,220",-80.0,-6.15,"2,700",3000000.0,-,
09/09/2019,"1,390","2,820",4000000.0,26,"1,410","1,300","1,410","1,300",-90.0,-6.47,"2,820",4000000.0,-,
06/09/2019,"1,350","19,160",24000000.0,28,"1,260","1,390","1,390","1,260",40.0,2.96,"19,160",24000000.0,-,
05/09/2019,"1,350","1,250",2000000.0,27,"1,300","1,350","1,350","1,300",,,"1,250",2000000.0,-,
04/09/2019,"1,360",130,,27,"1,360","1,350","1,350","1,350",-10.0,-0.74,130,,-,
03/09/2019,"1,350","1,340",2000000.0,27,"1,360","1,360","1,380","1,360",10.0,0.74,"1,340",2000000.0,-,
30/08/2019,"1,290","2,000",3000000.0,27,"1,350","1,350","1,350","1,350",60.0,4.65,"2,000",3000000.0,-,
29/08/2019,"1,340",520,1000000.0,26,"1,330","1,290","1,330","1,290",-50.0,-3.73,520,1000000.0,-,
28/08/2019,"1,360","4,140",5000000.0,27,"1,300","1,340","1,340","1,290",-20.0,-1.47,"4,140",5000000.0,-,
27/08/2019,"1,360","1,840",3000000.0,27,"1,350","1,360","1,390","1,300",,,"1,840",3000000.0,-,
26/08/2019,"1,360","5,500",7000000.0,27,"1,330","1,360","1,360","1,300",,,"5,500",7000000.0,-,
23/08/2019,"1,360","19,610",26000000.0,27,"1,300","1,360","1,380","1,300",,,"19,610",26000000.0,-,
22/08/2019,"1,280","39,150",49000000.0,27,"1,350","1,360","1,360","1,210",80.0,6.25,"39,150",49000000.0,-,
21/08/2019,"1,350","5,860",8000000.0,26,"1,270","1,280","1,330","1,270",-70.0,-5.19,"5,860",8000000.0,-,
20/08/2019,"1,350",530,1000000.0,27,"1,350","1,350","1,350","1,340",,,530,1000000.0,-,
19/08/2019,"1,300","1,000",1000000.0,27,"1,250","1,350","1,350","1,250",50.0,3.85,"1,000",1000000.0,-,
16/08/2019,"1,390",160,,26,"1,300","1,300","1,300","1,300",-90.0,-6.47,160,,-,
15/08/2019,"1,310",390,1000000.0,28,"1,280","1,390","1,390","1,280",80.0,6.11,390,1000000.0,-,
14/08/2019,"1,230","11,050",14000000.0,26,"1,280","1,310","1,310","1,250",80.0,6.5,"11,050",14000000.0,-,
13/08/2019,"1,290","10,380",13000000.0,25,"1,220","1,230","1,230","1,220",-60.0,-4.65,"10,380",13000000.0,-,
12/08/2019,"1,290","1,110",1000000.0,26,"1,290","1,290","1,290","1,290",,,"1,110",1000000.0,-,
09/08/2019,"1,300","4,730",6000000.0,26,"1,210","1,290","1,300","1,210",-10.0,-0.77,"4,730",6000000.0,-,
08/08/2019,"1,300",-,,26,"1,300","1,300","1,300","1,300",,,,,-,
07/08/2019,"1,300","6,510",8000000.0,26,"1,300","1,300","1,300","1,260",,,"6,510",8000000.0,-,
06/08/2019,"1,310","2,760",3000000.0,26,"1,300","1,300","1,300","1,250",-10.0,-0.76,"2,760",3000000.0,-,
05/08/2019,"1,310","1,130",1000000.0,26,"1,310","1,310","1,310","1,300",,,"1,130",1000000.0,-,
02/08/2019,"1,290","3,170",4000000.0,26,"1,350","1,310","1,350","1,200",20.0,1.55,"3,170",4000000.0,-,
01/08/2019,"1,330","25,420",32000000.0,26,"1,350","1,290","1,350","1,240",-40.0,-3.01,"25,420",32000000.0,-,
31/07/2019,"1,330","5,750",7000000.0,27,"1,330","1,330","1,330","1,250",,,"5,750",7000000.0,-,
30/07/2019,"1,260",60,,27,"1,220","1,330","1,330","1,220",70.0,5.56,60,,-,
29/07/2019,"1,260",-,,25,"1,260","1,260","1,260","1,260",,,,,-,
26/07/2019,"1,350","7,400",9000000.0,25,"1,280","1,260","1,350","1,260",-90.0,-6.67,"7,400",9000000.0,-,
25/07/2019,"1,300","4,920",6000000.0,27,"1,230","1,350","1,350","1,230",50.0,3.85,"4,920",6000000.0,-,
24/07/2019,"1,300","2,400",3000000.0,26,"1,300","1,300","1,300","1,300",,,"2,400",3000000.0,-,
23/07/2019,"1,230","6,330",8000000.0,26,"1,250","1,300","1,300","1,230",70.0,5.69,"6,330",8000000.0,-,
22/07/2019,"1,300","5,330",7000000.0,25,"1,230","1,230","1,350","1,220",-70.0,-5.38,"5,330",7000000.0,-,
19/07/2019,"1,390","6,460",8000000.0,26,"1,300","1,300","1,380","1,300",-90.0,-6.47,"6,460",8000000.0,-,
18/07/2019,"1,400",360,,28,"1,350","1,390","1,390","1,350",-10.0,-0.71,360,,-,
17/07/2019,"1,400",800,1000000.0,28,"1,400","1,400","1,400","1,400",,,800,1000000.0,-,
16/07/2019,"1,350","1,070",1000000.0,28,"1,300","1,400","1,400","1,300",50.0,3.7,"1,070",1000000.0,-,
15/07/2019,"1,300","4,230",5000000.0,27,"1,370","1,350","1,350","1,240",50.0,3.85,"4,230",5000000.0,-,
12/07/2019,"1,320","18,500",26000000.0,26,"1,370","1,300","1,400","1,300",-20.0,-1.52,"18,500",26000000.0,-,
11/07/2019,"1,240","23,230",30000000.0,26,"1,320","1,320","1,320","1,260",80.0,6.45,"23,230",30000000.0,-,
10/07/2019,"1,300","1,060",1000000.0,25,"1,290","1,240","1,290","1,240",-60.0,-4.62,"1,060",1000000.0,-,
09/07/2019,"1,330","33,880",44000000.0,26,"1,300","1,300","1,300","1,300",-30.0,-2.26,"33,880",44000000.0,-,
08/07/2019,"1,330",-,,27,"1,330","1,330","1,330","1,330",,,,,-,
05/07/2019,"1,300",20,,27,"1,210","1,330","1,330","1,210",30.0,2.31,20,,-,
04/07/2019,"1,300",10,,26,"1,300","1,300","1,300","1,300",,,10,,-,
03/07/2019,"1,300",-,,26,"1,300","1,300","1,300","1,300",,,,,-,
02/07/2019,"1,270","10,010",13000000.0,26,"1,220","1,300","1,300","1,220",30.0,2.36,"10,010",13000000.0,-,
01/07/2019,"1,350","4,620",6000000.0,25,"1,350","1,270","1,350","1,270",-80.0,-5.93,"4,620",6000000.0,-,
28/06/2019,"1,350","1,040",1000000.0,27,"1,350","1,350","1,350","1,270",,,"1,040",1000000.0,-,
27/06/2019,"1,390","1,350",2000000.0,27,"1,380","1,350","1,380","1,300",-40.0,-2.88,"1,350",2000000.0,-,
26/06/2019,"1,390",250,,28,"1,300","1,390","1,390","1,300",,,250,,-,
25/06/2019,"1,390","4,350",6000000.0,28,"1,390","1,390","1,390","1,320",,,"4,350",6000000.0,-,
24/06/2019,"1,320",840,1000000.0,28,"1,270","1,390","1,400","1,270",70.0,5.3,840,1000000.0,-,
21/06/2019,"1,390","10,000",13000000.0,26,"1,390","1,320","1,350","1,320",-70.0,-5.04,"10,000",13000000.0,-,
20/06/2019,"1,400","1,790",2000000.0,28,"1,390","1,390","1,390","1,390",-10.0,-0.71,"1,790",2000000.0,-,
19/06/2019,"1,390",370,1000000.0,28,"1,390","1,400","1,400","1,400",10.0,0.72,370,1000000.0,-,
18/06/2019,"1,390",490,1000000.0,28,"1,400","1,390","1,400","1,360",,,490,1000000.0,-,
17/06/2019,"1,300","4,900",7000000.0,28,"1,390","1,390","1,390","1,390",90.0,6.92,"4,900",7000000.0,-,
14/06/2019,"1,250","1,510",2000000.0,26,"1,300","1,300","1,330","1,300",50.0,4.0,"1,510",2000000.0,-,
13/06/2019,"1,320","13,880",18000000.0,25,"1,320","1,250","1,320","1,250",-70.0,-5.3,"13,880",18000000.0,-,
12/06/2019,"1,360",610,1000000.0,26,"1,360","1,320","1,360","1,320",-40.0,-2.94,610,1000000.0,-,
11/06/2019,"1,390","3,290",5000000.0,27,"1,380","1,360","1,380","1,360",-30.0,-2.16,"3,290",5000000.0,-,
10/06/2019,"1,300","1,660",2000000.0,28,"1,340","1,390","1,390","1,340",90.0,6.92,"1,660",2000000.0,-,
07/06/2019,"1,350","4,290",6000000.0,26,"1,350","1,300","1,350","1,300",-50.0,-3.7,"4,290",6000000.0,-,
06/06/2019,"1,400","5,800",8000000.0,27,"1,400","1,350","1,450","1,350",-50.0,-3.57,"5,800",8000000.0,-,
05/06/2019,"1,440",840,1000000.0,28,"1,370","1,400","1,440","1,350",-40.0,-2.78,840,1000000.0,-,
04/06/2019,"1,400","3,050",4000000.0,29,"1,400","1,440","1,450","1,400",40.0,2.86,"3,050",4000000.0,-,
03/06/2019,"1,400","11,650",16000000.0,28,"1,340","1,400","1,400","1,340",,,"11,650",16000000.0,-,
31/05/2019,"1,400",40,,28,"1,340","1,400","1,400","1,340",,,40,,-,
30/05/2019,"1,420",260,,28,"1,420","1,400","1,420","1,370",-20.0,-1.41,260,,-,
29/05/2019,"1,430","12,710",18000000.0,28,"1,430","1,420","1,430","1,370",-10.0,-0.7,"12,710",18000000.0,-,
28/05/2019,"1,440","10,070",14000000.0,29,"1,420","1,430","1,430","1,350",-10.0,-0.69,"10,070",14000000.0,-,
27/05/2019,"1,430",970,1000000.0,29,"1,440","1,440","1,440","1,440",10.0,0.7,970,1000000.0,-,
24/05/2019,"1,450","15,550",21000000.0,29,"1,350","1,430","1,430","1,350",-20.0,-1.38,"15,550",21000000.0,-,
23/05/2019,"1,380",80,,29,"1,450","1,450","1,450","1,450",70.0,5.07,80,,-,
22/05/2019,"1,370","33,230",46000000.0,28,"1,370","1,380","1,380","1,370",10.0,0.73,"33,230",46000000.0,-,
21/05/2019,"1,370",330,,27,"1,400","1,370","1,400","1,370",,,330,,-,
20/05/2019,"1,370","33,550",46000000.0,27,"1,450","1,370","1,450","1,370",,,"33,550",46000000.0,-,
17/05/2019,"1,450","6,360",9000000.0,27,"1,450","1,370","1,450","1,360",-80.0,-5.52,"6,360",9000000.0,-,
16/05/2019,"1,450","1,890",3000000.0,29,"1,450","1,450","1,450","1,400",,,"1,890",3000000.0,-,
15/05/2019,"1,400","16,870",24000000.0,29,"1,450","1,450","1,450","1,410",50.0,3.57,"16,870",24000000.0,-,
14/05/2019,"1,400","1,570",2000000.0,28,"1,400","1,400","1,400","1,360",,,"1,570",2000000.0,-,
13/05/2019,"1,310",570,1000000.0,28,"1,330","1,400","1,400","1,250",90.0,6.87,570,1000000.0,-,
10/05/2019,"1,400","33,630",45000000.0,26,"1,400","1,310","1,410","1,310",-90.0,-6.43,"33,630",45000000.0,-,
09/05/2019,"1,410","10,160",14000000.0,28,"1,400","1,400","1,400","1,400",-10.0,-0.71,"10,160",14000000.0,-,
08/05/2019,"1,400",330,,28,"1,370","1,410","1,410","1,370",10.0,0.71,330,,-,
07/05/2019,"1,440","15,540",22000000.0,28,"1,430","1,400","1,430","1,340",-40.0,-2.78,"15,540",22000000.0,-,
06/05/2019,"1,450","36,710",51000000.0,29,"1,380","1,440","1,440","1,380",-10.0,-0.69,"36,710",51000000.0,-,
03/05/2019,"1,390","4,400",6000000.0,29,"1,390","1,450","1,450","1,390",60.0,4.32,"4,400",6000000.0,-,
02/05/2019,"1,440","20,810",29000000.0,28,"1,440","1,390","1,440","1,390",-50.0,-3.47,"20,810",29000000.0,-,
