Ngày,Tham chiếu,Mở cửa,Đóng cửa,Cao nhất,Thấp nhất,Thay đổi,% Thay đổi,Khối lượng GD Khớp lệnh,Giá trị GD Khớp lệnh,Khối lượng GD Thỏa thuận,Giá trị GD Thoả thuận,Tổng khối lượng GD,Tổng giá trị GD,Vốn hóa Thị trường
29/04/2021,80.12,80.12,80.68,80.83,80.04,0.56,0.7,40374400,541323860000.0,1790714,39890429000.0,42165114,581214289000.0,1034715526035800.0
28/04/2021,79.41,79.41,80.12,80.13,79.28,0.7,0.89,28938300,404325740000.0,4922983,128135735900.0,33861283,532461475899.99994,1030252248685500.0
27/04/2021,79.42,79.42,79.41,79.96,79.24,-0.01,-0.01,38099300,477116860000.0,743605,35773545000.0,38842905,512890405000.0,1028543966246200.0
26/04/2021,80.4,80.4,79.42,80.85,79.26,-0.98,-1.21,48615300,586124650000.0,3975662,54902547200.0,52590962,641027197200.0,1037089498523200.0
23/04/2021,79.75,79.75,80.4,80.48,78.88,0.65,0.81,109452100,820246020000.0,2277334,36271649900.0,111729434,856517669900.0,1049685593682400.0
22/04/2021,81.73,81.73,79.75,82.0,79.58,-1.98,-2.42,62209900,898626420000.0,2393054,59510042000.0,64602954,958136462000.0,1040094140740500.0
20/04/2021,81.99,81.99,81.73,82.38,81.5,-0.27,-0.32,64273600,804424700000.0,3837963,90583323000.0,68111563,895008023000.0,1070968392592900.0
19/04/2021,81.79,81.44,81.99,82.04,81.1,0.2,0.25,54229500,742714540000.0,8954973,128436925200.0,63184473,871151465200.0,1069793256053700.0
16/04/2021,82.7,82.72,81.79,82.9,81.05,-0.91,-1.1,129582833,1524688253409.0,12170191,12170191.0,141753024,1524700423600.0,1072481005678600.0
15/04/2021,83.4,83.28,82.7,83.61,82.47,-0.7,-0.84,73288247,1087362420156.0,2278044,2278044.0,75566291,1087364698200.0,1082064288500900.0
14/04/2021,83.13,83.19,83.4,83.4,82.38,0.27,0.32,75799898,1092898815622.0,1419278,1419278.0,77219176,1092900234900.0,1092504965128500.0
13/04/2021,84.1,84.13,83.13,84.3,82.96,-0.97,-1.15,117135171,1782334654190.0,6066210,6066210.0,123201381,1782340720400.0,1086166566704400.1
12/04/2021,83.01,83.08,84.1,84.13,83.08,1.09,1.32,79804091,1255217445156.0,172144,172144.0,79976235,1255217617300.0,1102548372537700.0
09/04/2021,83.07,83.3,83.01,83.3,82.66,-0.06,-0.07,107622800,929107190000.0,4195918,64175337000.0,111818718,993282527000.0,1098971305510200.0
08/04/2021,82.56,82.82,83.07,83.25,82.31,0.51,0.62,91256591,1520817352730.0,15564870,15564870.0,106821461,1520832917600.0,1099187418234200.0
07/04/2021,82.6,82.62,82.56,82.72,82.25,-0.04,-0.05,77246566,1118522951354.0,1774646,1774646.0,79021212,1118524726000.0,1099091161760600.1
06/04/2021,82.84,82.84,82.6,82.86,82.24,-0.24,-0.29,81851697,1310063187004.0,6883296,6883296.0,88734993,1310070070300.0,1099220243868599.9
05/04/2021,82.27,82.29,82.84,83.01,82.29,0.57,0.7,85729780,1473846362900.0,7898200,7898200.0,93627980,1473854261100.0,1100905043437799.9
02/04/2021,81.71,81.71,82.27,82.51,81.71,0.56,0.69,113619406,1258966053005.0,37937595,37937595.0,151557001,1259003990600.0,1100919216690599.9
01/04/2021,81.41,81.41,81.71,81.89,81.2,0.3,0.37,74371686,1179377606520.0,1482180,1482180.0,75853866,1179379088700.0,1096329128520999.9
31/03/2021,80.63,80.62,81.41,81.43,80.61,0.78,0.97,88912969,1442799447517.0,5676883,5676883.0,94589852,1442805124400.0,1084711761856600.0
30/03/2021,80.52,80.54,80.63,80.8,80.07,0.11,0.13,53723258,1165447879149.0,7137651,7137651.0,60860909,1165455016800.0,1077582702529100.0
29/03/2021,79.85,79.79,80.52,80.54,79.77,0.67,0.84,56531715,856810336173.0,1796727,1796727.0,58328442,856812132900.0,1078897914353300.1
26/03/2021,80.38,80.32,79.85,80.35,79.97,-0.53,-0.66,26461248,194541298501.0,317199,317199.0,26778447,194541615700.0,1073272357913200.0
25/03/2021,80.5,80.49,80.38,80.92,79.96,-0.12,-0.15,51064019,948132704309.0,1962691,1962691.0,53026710,948134667000.0,1079970500711000.0
24/03/2021,81.14,81.08,80.5,81.12,79.5,-0.64,-0.79,74290382,1311380175439.0,1347761,1347761.0,75638143,1311381523200.0,1084139743554199.9
23/03/2021,81.28,81.35,81.14,81.68,80.56,-0.14,-0.17,58920987,1194119340475.0,13562525,13562525.0,72483512,1194132903000.0,1095585836762399.9
22/03/2021,81.48,81.23,81.28,81.54,80.99,-0.2,-0.25,60562296,1361643876103.0,20477597,20477597.0,81039893,1361664353700.0,1101924196651500.0
19/03/2021,81.69,81.57,81.48,81.6,81.04,-0.21,-0.26,113198236,1552727808028.0,6995172,6995172.0,120193408,1552734803200.0,1102405167853300.1
18/03/2021,81.71,81.61,81.69,82.14,81.39,-0.02,-0.03,50601749,944468961249.0,2332751,2332751.0,52934500,944471294000.0,1102901815222300.0
17/03/2021,80.93,80.93,81.71,81.71,80.76,0.78,0.97,81637201,1660433568648.0,2089352,2089351.9999999998,83726553,1660435658000.0,1100952820555500.0
16/03/2021,80.82,80.79,80.93,81.18,80.52,0.11,0.14,71981660,1555285685891.0,24921609,24921609.0,96903269,1555310607500.0,1092010001615400.1
15/03/2021,80.27,80.33,80.82,80.88,80.28,0.55,0.69,51439911,990826619085.0,2445915,2445915.0,53885826,990829065000.0,1096262413614100.0
12/03/2021,80.34,80.36,80.27,80.68,80.01,-0.07,-0.08,82870350,1096812179234.9999,9041765,9041765.0,91912115,1096821220999.9999,1091990301273500.0
11/03/2021,80.24,80.25,80.34,80.7,80.01,0.1,0.12,55887470,1041073591156.0,3036644,3036644.0,58924114,1041076627800.0,1095545153235899.9
10/03/2021,79.54,79.53,80.24,80.24,79.52,0.7,0.88,57515775,1028452704838.0,992362,992362.0,58508137,1028453697200.0,1087100178120100.0
09/03/2021,79.42,79.42,79.54,79.77,78.91,0.12,0.15,89469255,1470034042699.0,1452201,1452201.0,90921456,1470035494900.0,1080706534498800.0
08/03/2021,78.56,78.48,79.42,79.64,78.48,0.86,1.09,80891020,1346827321981.0,1017819,1017819.0,81908839,1346828339800.0,1090141049806799.9
05/03/2021,77.96,77.99,78.56,78.57,77.41,0.6,0.77,117897792,1351524724635.0,1198265,1198265.0,119096057,1351525922900.0,1081248576915000.0
04/03/2021,78.1,78.11,77.96,78.5,77.3,-0.14,-0.18,108826670,1689742969375.0,618425,618425.0,109445095,1689743587800.0,1070414952211600.0
03/03/2021,77.46,77.51,78.1,78.29,77.44,0.64,0.82,58457500,908256892175.0,640925,640925.0,59098425,908257533100.0,1057236272821700.0
02/03/2021,77.15,77.18,77.46,77.82,77.18,0.31,0.4,51313679,1323795996954.0,34989846,34989846.0,86303525,1323830986800.0,1053628162979900.0
01/03/2021,76.64,76.65,77.15,77.2,76.65,0.51,0.67,70887650,1160200130101.0,1538199,1538199.0,72425849,1160201668300.0,1052715854835300.0
26/02/2021,76.48,76.48,76.64,76.65,75.66,0.16,0.21,67241137,1097665285233.0,24704367,24704367.0,91945504,1097689989600.0,1034073635565400.0
25/02/2021,76.22,76.31,76.48,76.64,76.08,0.26,0.34,36380635,760476263082.0,14598318,14598318.0,50978953,760490861400.0,1034144010601700.0
24/02/2021,76.47,76.53,76.22,76.7,75.99,-0.25,-0.32,55102798,1160770206208.0,6195992,6195992.0,61298790,1160776402200.0,1029877962687200.0
23/02/2021,76.56,76.62,76.47,76.76,76.25,-0.09,-0.12,42307047,713021410353.0,637747,637747.0,42944794,713022048100.0,1035493213918100.0
22/02/2021,76.11,76.19,76.56,76.73,76.15,0.45,0.58,38100259,715072121979.0,682321,682321.0,38782580,715072804300.0,1031270830116600.0
19/02/2021,75.35,75.34,76.11,76.22,75.34,0.76,1.02,72246665,879896058414.0,4722786,4722786.0,76969451,879900781200.0,1026739136731300.0
18/02/2021,75.74,75.74,75.35,76.35,75.19,-0.39,-0.52,57515990,920364921800.0,313300,313300.0,57829290,920365235100.0,1020532483750800.0
17/02/2021,73.81,73.82,75.74,75.81,73.82,1.93,2.61,46937986,717354297800.0,1000,1000.0,46938986,717354298800.0,1011466450061500.0
09/02/2021,72.65,72.66,73.81,73.81,72.55,1.16,1.6,30858367,527340129950.0,2360150,2360150.0,33218517,527342490100.00006,992457198414500.0
08/02/2021,73.89,73.89,72.65,73.98,72.41,-1.24,-1.68,48036685,731881788308.0,724692,724692.0,48761377,731882513000.0,980719151166500.0
05/02/2021,74.06,74.07,73.89,74.48,73.43,-0.17,-0.24,61872493,869660733737.0,18731663,18731663.0,80604156,869679465400.0,995270295318200.0
04/02/2021,73.3,73.35,74.06,74.07,73.19,0.76,1.04,36976095,607574517295.0,1244605,1244605.0,38220700,607575761900.0,991824795330500.0
03/02/2021,71.66,71.65,73.3,73.55,71.61,1.64,2.29,40215424,818948263366.0,15648234,15648234.0,55863658,818963911600.0,986708183124200.0
02/02/2021,71.08,71.08,71.66,71.72,70.53,0.58,0.82,27740622,589238990891.0,11255509,11255509.0,38996131,589250246400.0,955725585406600.0
01/02/2021,72.08,72.06,71.08,72.53,70.62,-1.0,-1.39,33117992,458246886319.0,48881,48881.0,33166873,458246935200.0,945560057833200.0
29/01/2021,69.12,69.09,72.08,72.11,67.76,2.96,4.28,104664671,879540831555.0,1907545,1907545.0,106572216,879542739100.0,968099326490900.0
28/01/2021,74.46,74.03,69.12,74.1,68.35,-5.34,-7.17,59166099,944564928653.0,537647,537647.0,59703746,944565466300.0,919272475123700.0
27/01/2021,76.42,76.35,74.46,76.62,74.16,-1.96,-2.56,55972936,896466716239.0,2707961,2707961.0,58680897,896469424200.0,993887535724300.0
26/01/2021,77.42,77.41,76.42,77.61,75.62,-1.0,-1.29,64756437,1135544736526.0,7316374,7316374.0,72072811,1135552052900.0,1031535536012200.0
25/01/2021,77.6,77.59,77.42,77.66,77.34,-0.18,-0.24,52771354,813185155150.0,2567250,2567250.0,55338604,813187722400.0,1058842228905300.0
22/01/2021,77.46,77.49,77.6,78.05,77.46,0.14,0.18,90270414,855185124987.0,3076513,3076513.0,93346927,855188201500.0,1066736885865600.0
21/01/2021,76.18,76.23,77.46,77.46,76.12,1.28,1.69,51595737,824097522719.0,3758081,3758081.0,55353818,824101280800.0,1070414500739700.0
20/01/2021,76.15,76.15,76.18,76.3,74.03,0.03,0.04,53854642,1118911446370.0,13177030,13177030.0,67031672,1118924623400.0,1052747758007500.0
19/01/2021,78.55,78.54,76.15,78.85,74.69,-2.4,-3.05,91428865,1494220749232.0,3550968,3550968.0,94979833,1494224300200.0,1044438916907700.0
18/01/2021,78.64,78.86,78.55,79.06,78.36,-0.09,-0.11,62800948,1008579811824.0,1178276,1178276.0,63979224,1008580990100.0,1082676873967900.0
15/01/2021,77.75,77.75,78.64,78.67,77.75,0.89,1.14,93823029,1100301819305.0,3927195,3927195.0,97750224,1100305746500.0,1070721546575700.0
14/01/2021,77.93,77.99,77.75,78.07,77.39,-0.18,-0.23,50679488,794432360303.0,336497,336497.0,51015985,794432696800.0,1064462841502800.0
13/01/2021,77.89,77.88,77.93,78.32,77.67,0.04,0.05,60814612,1087599220997.9999,454002,454002.0,61268614,1087599675000.0,1065538490478900.0
12/01/2021,76.95,76.99,77.89,77.9,76.75,0.94,1.22,63161622,1049142322593.0,999907,999907.0,64161529,1049143322500.0,1067376613525600.0
11/01/2021,76.07,76.07,76.95,76.95,76.07,0.88,1.15,55826425,1046901513573.0,1213227,1213227.0,57039652,1046902726800.0,1056655782440000.0
08/01/2021,75.38,75.44,76.07,76.08,75.44,0.69,0.91,102175816,1187395370788.0,1395512,1395512.0,103571328,1187396766300.0,1025789175560900.0
07/01/2021,74.82,74.81,75.38,75.41,74.66,0.56,0.75,55952396,896811228260.0,833340,833340.0,56785736,896812061600.0,1008723722345400.0
06/01/2021,74.43,74.43,74.82,74.88,74.27,0.39,0.52,53834857,982581985282.0,4615018,4615018.0,58449875,982586600300.0,999290775806400.0
05/01/2021,74.2,74.15,74.43,74.47,74.01,0.23,0.3,46570926,744849571537.0,1719963,1719963.0,48290889,744851291500.0,993457289858800.0
04/01/2021,74.45,74.37,74.2,74.37,73.92,-0.25,-0.34,50949119,795377935294.0,1666206,1666206.0,52615325,795379601500.0,996803018178400.0
31/12/2020,73.41,73.35,74.45,74.45,73.33,1.04,1.42,40661473,719881783831.0,15592069,15592069.0,56253542,719897375900.0,991397770396000.0
30/12/2020,73.83,73.83,73.41,74.08,73.21,-0.42,-0.57,46649075,740738366989.0,4168611,4168611.0000000005,50817686,740742535600.0,978068981129200.0
29/12/2020,73.1,73.1,73.83,73.93,72.92,0.73,1.0,53936651,956557360450.0,16704150,16704149.999999998,70640801,956574064600.0,980216424264600.0
28/12/2020,72.94,72.96,73.1,73.42,72.88,0.16,0.21,52826032,973085399769.0,6641631,6641631.0,59467663,973092041400.0,975749047359800.0
25/12/2020,73.07,73.26,72.94,73.33,72.09,-0.13,-0.18,67499084,1077855722238.0,23223530,23223530.0,90722614,1077878945768.0001,966309893711200.0
24/12/2020,73.59,73.62,73.07,73.84,72.12,-0.52,-0.7,60061290,1000912132776.0,3000124,3000124.0,63061414,1000915132900.0,954935471578700.0
23/12/2020,72.82,72.83,73.59,73.59,72.42,0.77,1.06,59270362,1068291773057.0,11656943,11656943.0,70927305,1068303429999.9999,958759515523300.0
22/12/2020,71.64,71.6,72.82,72.85,71.6,1.18,1.65,55037733,970655908101.0,7059999,7059999.0,62097732,970662968100.0,967399349462400.0
21/12/2020,70.95,70.94,71.64,71.7,70.94,0.69,0.97,57946670,886971705406.0,5395394,5395394.0,63342064,886977100800.0,952398856493100.0
18/12/2020,70.29,70.3,70.95,70.95,70.27,0.66,0.93,50812605,805757082662.0,12470938,12470938.0,63283543,805769553600.0,943029281470300.0
17/12/2020,70.25,70.24,70.29,70.68,70.01,0.04,0.06,46968539,775950376519.0,1696681,1696681.0,48665220,775952073200.0,929880049298100.0
16/12/2020,69.62,69.63,70.25,70.25,69.63,0.63,0.91,32753429,697816366900.0,4911100,4911100.0,37664529,697821278000.0,933264925442100.0
15/12/2020,69.36,69.68,69.62,69.84,69.49,0.26,0.37,39521462,1025209541204.0,13996596,13996596.0,53518058,1025223537800.0,925263430736600.0
14/12/2020,68.72,68.74,69.36,69.36,68.6,0.64,0.93,44560236,2238039890494.0,16083006,16083006.000000002,60643242,2238055973500.0,923605534063300.0
11/12/2020,68.71,68.71,68.72,68.79,68.33,0.01,0.02,45972376,860958423993.0,26570507,26570507.0,72542883,860984994500.0,916697688603500.0
10/12/2020,69.26,69.26,68.71,69.39,68.57,-0.55,-0.8,35719968,1373730179295.0,26712045,26712045.0,62432013,1373756891340.0,908805995374900.0
09/12/2020,68.94,68.94,69.26,69.54,68.86,0.32,0.46,46319817,719773185088.0,3774612,3774612.0,50094429,719776959700.0,908578677725000.0
08/12/2020,68.7,68.7,68.94,68.94,68.57,0.24,0.34,34348915,541917613019.00006,2551981,2551981.0,36900896,541920165000.00006,900620297882100.0
07/12/2020,68.61,68.61,68.7,68.7,68.34,0.09,0.13,31619294,564208781624.0,4877376,4877376.0,36496670,564213659000.0,900424640347900.0
04/12/2020,69.02,68.94,68.61,69.2,68.4,-0.41,-0.6,46802578,1218525530815.0,35290765,35290765.0,82093343,1218560821580.0,897916520949400.0
03/12/2020,68.6,68.6,69.02,69.04,68.6,0.42,0.61,34166759,666908021752.0,8011848,8011848.000000001,42178607,666916033600.0,890643609991800.0
02/12/2020,67.81,67.81,68.6,68.6,67.74,0.79,1.17,25245758,569402864730.0,3474370,3474370.0,28720128,569406339100.0,892721657907700.0
01/12/2020,66.9,66.89,67.81,67.81,66.56,0.91,1.36,29045346,707175181210.0,10701190,10701190.0,39746536,707185882400.0,880625433866500.0
30/11/2020,66.79,66.63,66.9,67.01,66.63,0.11,0.16,23480612,622659865740.0,16771670,16771670.0,40252282,622676637410.0,877307078304000.0
27/11/2020,66.5,66.48,66.79,66.86,66.41,0.29,0.43,32430997,415702486693.0,2197007,2197007.0,34628004,415704683700.0,879086011891400.0
26/11/2020,66.6,66.66,66.5,66.66,66.29,-0.1,-0.16,28072592,520003900929.0,884671,884671.0,28957263,520004785600.0,871753005422100.0
25/11/2020,66.76,66.77,66.6,67.05,66.46,-0.16,-0.23,29763583,520210117623.0,2871077,2871077.0,32634660,520212988700.0,872112813901000.0
24/11/2020,66.69,66.7,66.76,66.85,66.19,0.07,0.11,25128155,574823759575.0,4930225,4930225.0,30058380,574828689800.0,881268882847500.0
23/11/2020,66.36,66.43,66.69,66.73,66.42,0.33,0.5,30992867,620888268448.0,4654352,4654352.0,35647219,620892922800.0,879425710478100.0
20/11/2020,66.05,66.04,66.36,66.36,65.96,0.31,0.46,33212201,828601048640.0,45674860,45674860.0,78887061,828646723500.0,866421770589800.0
19/11/2020,65.88,65.85,66.05,66.07,65.84,0.17,0.26,21010190,399042192013.0,1659587,1659587.0,22669777,399043851600.0,855691500570800.0
18/11/2020,66.15,66.12,65.88,66.43,65.67,-0.27,-0.4,21390106,497581970561.0,5092739,5092739.0,26482845,497587063300.0,850633355040800.0
17/11/2020,64.85,64.83,66.15,66.15,64.83,1.3,2.0,23752474,1292276962534.0,29006266,29006266.0,52758740,1292305968800.0,842814313905100.0
16/11/2020,64.7,64.7,64.85,65.14,64.69,0.15,0.22,18653863,471898957293.0,10330607,10330607.0,28984470,471909287900.0,830128856454800.0
13/11/2020,64.52,64.52,64.7,64.81,64.48,0.18,0.28,24261203,311585158370.0,1979330,1979330.0,26240533,311587137700.0,830356099979800.0
12/11/2020,65.03,65.04,64.52,65.23,64.37,-0.51,-0.78,14312133,312579825028.0,1792272,1792272.0,16104405,312581617300.0,829132467592600.0
11/11/2020,64.16,64.22,65.03,65.11,64.11,0.87,1.35,13736795,287177516274.0,1209926,1209926.0,14946721,287178726200.0,824256904805800.0
10/11/2020,64.02,64.06,64.16,64.97,64.06,0.14,0.22,16533130,592312246682.0,19458418,19458418.0,35991548,592331705100.0,820920873753300.0
09/11/2020,63.57,63.57,64.02,64.05,63.38,0.45,0.71,13468805,548968080157.0,20735343,20735343.0,34204148,548988815500.0,815111807077700.0
06/11/2020,63.31,63.31,63.57,63.6,63.28,0.26,0.41,17524105,476199568820.0,22585280,22585280.0,40109385,476222154100.0,803491600568400.0
05/11/2020,63.5,63.5,63.31,63.55,63.24,-0.19,-0.3,13245878,386106167263.0,14446037,14446037.0,27691915,386120613300.0,802478522526400.0
04/11/2020,63.14,63.11,63.5,63.5,62.98,0.36,0.56,13105181,273075509111.0,3740889,3740889.0,16846070,273079250000.0,804596553268800.0
03/11/2020,63.08,63.13,63.14,64.01,62.93,0.06,0.09,10915737,183313572528.0,1086172,1086172.0,12001909,183314658700.0,801596455193900.0
02/11/2020,62.85,62.84,63.08,63.18,62.83,0.23,0.37,10549447,365827684449.0,15808451,15808451.0,26357898,365843492900.0,798757077431400.0
30/10/2020,62.74,62.74,62.85,62.98,62.46,0.11,0.18,20476958,518684319164.0,26377736,26377736.0,46854694,518710696900.0,792602373310100.0
29/10/2020,62.73,62.71,62.74,62.86,62.17,0.01,0.02,14569648,401865409868.0,10987532,10987532.0,25557180,401876397400.0,788735437282100.0
28/10/2020,63.4,63.41,62.73,63.42,62.44,-0.67,-1.05,21985330,387523395000.0,2148500,2148500.0,24133830,387525543500.0,790255361018400.0
27/10/2020,63.57,63.6,63.4,63.63,63.19,-0.17,-0.27,14581716,275282824004.0,3378596,3378596.0,17960312,275286202600.0,805005756712000.0
26/10/2020,63.91,63.91,63.57,63.99,63.32,-0.34,-0.53,18833440,328278738105.0,3951695,3951695.0,22785135,328282689800.0,807596487182600.0
23/10/2020,63.64,63.53,63.91,63.97,63.53,0.27,0.43,39734839,471700066670.0,686330,686330.0,40421169,471700753000.0,812679916287500.0
22/10/2020,63.75,63.77,63.64,63.77,63.39,-0.11,-0.17,20761733,397142163625.0,6389475,6389475.0,27151208,397148553100.0,804502781525600.0
21/10/2020,63.71,63.72,63.75,63.82,63.51,0.04,0.07,30546503,526217088804.00006,4873496,4873496.0,35419999,526221962300.0,801258148103800.0
20/10/2020,63.95,63.89,63.71,63.92,63.32,-0.24,-0.37,35396903,481759967162.0,1293538,1293538.0,36690441,481761260700.0,802764593723800.0
19/10/2020,63.85,63.91,63.95,64.22,63.83,0.1,0.16,24702695,404609820873.0,1345127,1345127.0,26047822,404611166000.0,803424354155700.0
16/10/2020,63.48,63.48,63.85,64.01,63.41,0.37,0.59,35328827,556684119175.0,4250425,4250425.0,39579252,556688369600.0,805258678593900.0
15/10/2020,63.13,63.14,63.48,63.5,62.72,0.35,0.55,56064988,876199210894.0,5741806,5741806.0,61806794,876204952700.0,802825715679400.0
14/10/2020,63.43,63.42,63.13,63.42,62.67,-0.3,-0.47,35822648,589519118430.0,4234870,4234870.0,40057518,589523353300.0,796263071590600.0
13/10/2020,63.47,63.43,63.43,63.45,62.98,-0.04,-0.07,19865366,345579189556.0,2312444,2312444.0,22177810,345581502000.0,799354886184800.0
12/10/2020,64.01,64.01,63.47,64.31,63.25,-0.54,-0.84,27494476,495242206138.0,7794062,7794062.0,35288538,495250000200.0,801506969069300.0
09/10/2020,63.53,63.62,64.01,64.02,63.38,0.48,0.76,40600963,477424342585.0,2915915,2915915.0,43516878,477427258500.0,806255588886200.0
08/10/2020,63.95,64.03,63.53,64.04,62.95,-0.42,-0.65,28072466,509069199963.0,2621337,2621337.0,30693803,509071821300.0,794309971100400.0
07/10/2020,63.91,63.95,63.95,64.12,63.49,0.04,0.07,26283343,738053976674.0,20560626,20560626.0,46843969,738074537300.0,799266661091500.0
06/10/2020,62.81,62.85,63.91,63.91,62.85,1.1,1.74,32657860,630469251717.0,5997383,5997383.0,38655243,630475249100.0,800350495160000.0
05/10/2020,62.35,62.37,62.81,62.84,62.27,0.46,0.74,25164642,573283201072.0,7980828,7980828.0,33145470,573291181900.0,799560455594100.0
02/10/2020,62.42,62.43,62.35,62.77,61.63,-0.07,-0.11,57117741,774694880797.0,11699503,11699503.0,68817244,774706580300.0,794565477792700.0
01/10/2020,61.73,61.73,62.42,62.42,61.73,0.69,1.12,35914710,648264875236.0,14294364,14294364.0,50209074,648279169600.0,803388453232900.0
30/09/2020,61.52,61.53,61.73,61.78,61.34,0.21,0.34,26531684,502955703899.0,6880801,6880801.0,33412485,502962584700.0,798929830047300.0
29/09/2020,61.78,61.78,61.52,61.92,61.39,-0.26,-0.42,31704455,691811891568.0,21457232,21457232.0,53161687,691833348800.0,793733265766400.0
28/09/2020,61.29,61.29,61.78,61.78,61.25,0.49,0.8,30190024,464903391272.0,3369428,3369428.0,33559452,464906760700.0,793545040401900.0
25/09/2020,61.0,61.05,61.29,61.3,60.95,0.29,0.47,40719111,525998939065.00006,8390435,8390435.0,49109546,526007329500.0,788878410923600.0
24/09/2020,60.96,60.96,61.0,61.22,60.8,0.04,0.07,26070238,502623410304.0,6987396,6987396.0,33057634,502630397700.0,787967474956600.0
23/09/2020,60.66,60.66,60.96,61.03,60.66,0.3,0.5,27279591,455644774298.0,399002,399002.0,27678593,455645173300.0,790032244177000.0
22/09/2020,60.74,60.7,60.66,60.73,60.35,-0.08,-0.13,31475948,465124291949.0,10292551,10292551.0,41768499,465134584500.0,785062392956600.0
21/09/2020,60.59,60.58,60.74,60.89,60.47,0.15,0.25,36860164,488669242467.0,2957233,2957233.0,39817397,488672199700.0,787256960720100.0
18/09/2020,59.87,59.87,60.59,60.6,59.77,0.72,1.2,49254404,538055902177.99994,7349222,7349222.0,56603626,538063251399.99994,785850156011200.0
17/09/2020,59.76,59.78,59.87,60.06,59.63,0.11,0.19,36765384,397478135306.0,623294,623294.0,37388678,397478758600.0,786491298602000.0
16/09/2020,59.56,59.58,59.76,59.8,59.56,0.2,0.33,30362165,396465113044.0,2387056,2387056.0,32749221,396467500100.0,788815317700800.0
15/09/2020,59.41,59.35,59.56,59.71,59.35,0.15,0.25,23950306,459752137045.0,5326455,5326455.0,29276761,459757463500.0,787497803326300.0
14/09/2020,59.09,59.09,59.41,59.5,59.09,0.32,0.55,33794576,470199985167.0,1923333,1923333.0,35717909,470201908500.0,786856205238800.0
11/09/2020,59.03,59.04,59.09,59.22,58.91,0.06,0.1,44185264,307710496982.0,3708218,3708218.0,47893482,307714205200.0,784868835864100.0
10/09/2020,58.84,58.83,59.03,59.11,58.81,0.19,0.33,18611169,335046445404.0,4441596,4441596.0,23052765,335050887000.0,786742543636800.0
09/09/2020,58.82,58.82,58.84,58.84,58.32,0.02,0.03,21756969,344683769262.0,3525738,3525738.0,25282707,344687295000.0,779320760562600.0
08/09/2020,58.64,58.65,58.82,58.87,58.5,0.18,0.3,16332591,324446601703.0,6814697,6814697.0,23147288,324453416400.0,774755117137400.0
07/09/2020,58.89,58.89,58.64,59.06,58.57,-0.25,-0.42,22019367,334055524500.0,736000,736000.0,22755367,334056260500.0,770659532953800.0
04/09/2020,58.96,58.94,58.89,58.95,58.46,-0.07,-0.12,36416707,327822768213.0,980287,980287.0,37396994,327823748500.0,776303478557600.0
03/09/2020,58.8,58.76,58.96,59.23,58.75,0.16,0.28,21502473,390547557201.0,4381299,4381299.0,25883772,390551938500.0,774231686067000.0
01/09/2020,58.82,58.79,58.8,58.88,58.55,-0.02,-0.03,17259680,381455075216.0,7291684,7291684.0,24551364,381462366900.0,773708610891200.0
31/08/2020,59.33,59.33,58.82,59.48,58.68,-0.51,-0.86,26683932,420771566492.0,655508,655508.0,27339440,420772222000.0,771249338056000.0
28/08/2020,59.05,59.06,59.33,59.41,59.0,0.28,0.47,32434585,410592490173.0,6160927,6160927.0,38595512,410598651100.0,765326376017200.0
27/08/2020,58.52,58.52,59.05,59.05,58.42,0.53,0.9,18868359,322459628570.0,1185530,1185530.0,20053889,322460814100.0,759563855366100.0
26/08/2020,58.19,58.19,58.52,58.61,58.16,0.33,0.57,25520090,454429707441.0,4540811,4540811.0,30060901,454434248252.0,758217275007200.0
25/08/2020,57.98,58.02,58.19,58.26,57.94,0.21,0.37,24780082,462059768541.0,4473559,4473559.0,29253641,462064242100.0,745272463766800.0
24/08/2020,57.39,57.4,57.98,58.45,57.37,0.59,1.03,27370092,517043992213.0,7671987,7671987.0,35042079,517051664200.0,747678024111600.0
21/08/2020,57.24,57.34,57.39,57.41,57.19,0.15,0.27,30321190,327992239618.0,737412,737412.0,31058602,327992977030.0,740501543416600.0
20/08/2020,57.17,57.17,57.24,57.28,57.04,0.07,0.12,17130385,281649511288.0,2267612,2267612.0,19397997,281651778900.0,737334002072300.0
19/08/2020,57.09,57.1,57.17,57.19,56.95,0.08,0.14,16718011,287803353500.0,1529900,1529900.0,18247911,287804883400.0,737663230715700.0
18/08/2020,56.86,56.87,57.09,57.13,56.78,0.23,0.4,19703160,420251812020.0,14571480,14571480.0,34274640,420266383500.0,735326689843700.0
17/08/2020,56.74,56.73,56.86,56.9,56.46,0.12,0.21,21188416,335937012905.0,673195,673195.0,21861611,335937686100.0,735599685691000.0
14/08/2020,56.86,56.86,56.74,57.02,56.6,-0.12,-0.21,28161935,311120166737.0,1060363,1060363.0,29222298,311121227100.0,736554293264300.0
13/08/2020,56.78,56.79,56.86,57.03,56.74,0.08,0.15,16985366,257078249107.0,793293,793293.0,17778659,257079042400.0,737514169387100.0
12/08/2020,56.52,56.44,56.78,56.86,56.44,0.26,0.46,18927726,404278119835.0,7028065,7028065.0,25955791,404285147900.0,731846403429600.0
11/08/2020,56.3,56.32,56.52,56.62,56.26,0.22,0.39,21332305,397893207249.0,3291251,3291251.0,24623556,397896498500.0,728055459138700.0
10/08/2020,56.22,56.08,56.3,56.39,56.02,0.08,0.14,14972456,233916059650.0,1021050,1021050.0,15993506,233917080700.0,732966563502700.0
07/08/2020,56.12,56.26,56.22,56.38,55.97,0.1,0.18,18051421,225968184566.0,3453234,3453234.0,21504655,225971637800.0,731259190355600.0
06/08/2020,56.06,56.85,56.12,56.85,55.97,0.06,0.1,16548633,465781668378.0,9227222,9227222.0,25775855,465790895600.0,729613691595900.0
05/08/2020,55.89,55.89,56.06,56.14,55.74,0.17,0.3,18177968,291645486542.0,1899158,1899158.0,20077126,291647385700.0,730809307295000.0
04/08/2020,55.51,55.58,55.89,56.04,55.57,0.38,0.69,14998056,269130094580.99997,4341419,4341419.0,19339475,269134436000.0,726448838213300.0
03/08/2020,54.8,54.8,55.51,55.51,54.62,0.71,1.29,14825699,1464964294846.0,19057954,19057954.0,33883653,1464983352800.0,719192480231800.0
31/07/2020,54.86,54.86,54.8,55.11,54.53,-0.06,-0.11,24078518,238090659990.0,1163010,1163010.0,25241528,238091823000.0,709524549247800.0
30/07/2020,54.17,54.16,54.86,54.9,54.12,0.69,1.28,13496298,224321353901.0,3898099,3898099.0,17394397,224325252000.0,713231175849100.0
29/07/2020,55.27,55.27,54.17,55.27,53.59,-1.1,-2.0,20600811,678793577651.0,16396149,16396149.000000002,36996960,678809973800.0,702620829101800.0
28/07/2020,53.65,53.59,55.27,55.34,53.51,1.62,3.03,20282371,448672329940.0,9127460,9127460.0,29409831,448681457400.0,721156345492000.0
27/07/2020,55.78,55.62,53.65,55.62,53.47,-2.13,-3.81,42963024,557181958237.0,940063,940063.0,43903087,557182898300.0,695425567253700.0
24/07/2020,57.32,57.31,55.78,57.31,55.39,-1.54,-2.68,39374423,448383137056.0,3248944,3248944.0,42623367,448386386000.0,730807839284500.0
23/07/2020,57.57,57.57,57.32,57.69,56.98,-0.25,-0.44,12785541,218346325270.0,1989730,1989730.0,14775271,218348315000.0,750148636620200.0
22/07/2020,57.36,57.41,57.57,57.76,57.35,0.21,0.37,26442815,336747002221.0,820279,820279.0,27263094,336747822500.0,752311371533500.0
21/07/2020,57.29,57.3,57.36,57.41,56.98,0.07,0.13,16825788,238081299611.0,3060289,3060289.0,19886077,238084359900.0,757954119343300.0
20/07/2020,57.57,57.56,57.29,57.62,57.1,-0.28,-0.48,13276021,268656156835.99997,2633664,2633664.0,15909685,268658790500.0,757769763041400.0
17/07/2020,57.03,57.02,57.57,57.57,56.94,0.54,0.94,29578820,278412550509.0,895891,895891.0,30474711,278413446400.0,760521569979100.0
16/07/2020,56.98,56.99,57.03,57.19,56.86,0.05,0.09,10932487,172410909312.0,438588,438588.0,11371075,172411347900.0,756038802203000.0
15/07/2020,56.94,56.96,56.98,57.16,56.81,0.04,0.07,15003165,268066885953.0,2512747,2512747.0,17515912,268069398700.00003,757512955213200.0
14/07/2020,57.28,57.35,56.94,57.35,56.77,-0.34,-0.6,12835558,247891093439.0,3543161,3543161.0,16378719,247894636600.0,758486893589300.0
13/07/2020,57.25,57.25,57.28,57.64,57.2,0.03,0.06,12381673,200622868547.0,939553,939553.0,13321226,200623808100.0,761390990851700.0
10/07/2020,57.16,57.11,57.25,57.32,57.02,0.09,0.16,26858409,233811620001.0,481599,481599.0,27340008,233812101600.0,761075510389300.0
09/07/2020,56.78,56.77,57.16,57.18,56.69,0.38,0.67,22367776,319775406740.0,1956060,1956060.0,24323836,319777362800.0,764148796301700.0
08/07/2020,56.35,56.35,56.78,56.81,56.24,0.43,0.76,12161981,241357135999.0,2763201,2763201.0,14925182,241359899200.0,757668921809600.0
07/07/2020,56.48,56.51,56.35,56.67,56.2,-0.13,-0.22,12396111,225761685820.0,4041680,4041680.0000000005,16437791,225765727500.0,749982452435400.0
06/07/2020,56.26,56.24,56.48,56.57,56.19,0.22,0.39,13212407,265470178191.0,4550309,4550309.0,17762716,265474728500.00003,752211719948400.0
03/07/2020,55.89,55.88,56.26,56.41,55.68,0.37,0.66,18263754,332894855285.0,13251415,13251415.0,31515169,332908106700.0,747628956421000.0
02/07/2020,56.05,56.01,55.89,56.17,55.73,-0.16,-0.29,10561445,160343575530.0,737870,737870.0,11299315,160344313400.0,747719604212700.0
01/07/2020,55.52,55.4,56.05,56.05,55.31,0.53,0.95,12988142,251179275600.0,2420200,2420200.0,15408342,251181695800.0,748784699299100.0
30/06/2020,56.41,55.39,55.52,56.01,55.33,-0.89,-1.57,17777523,391143765027.0,9613873,9613873.0,27391396,391153378900.0,739885913610600.0
29/06/2020,56.41,0.0,56.41,0.0,0.0,0.0,0.0,0,0.0,0,0.0,0,0.0,758198354071600.0
26/06/2020,56.63,56.59,56.41,56.84,56.27,-0.22,-0.39,28594449,228401104654.0,4747446,4747446.0,33341895,228405852100.0,757539184870000.0
25/06/2020,56.74,56.71,56.63,56.71,56.3,-0.11,-0.19,15389352,172871914075.0,114425,114425.0,15503777,172872028500.0,763321458249200.0
24/06/2020,56.64,56.64,56.74,56.92,56.47,0.1,0.17,19199120,281955108948.0,550352,550352.0,19749472,281955659300.0,765548544180800.0
23/06/2020,56.68,56.69,56.64,56.9,56.33,-0.04,-0.08,20341380,329774160154.0,3966246,3966246.0,24307626,329778126400.0,769677783757200.0
22/06/2020,56.34,56.34,56.68,56.84,56.34,0.34,0.6,23712976,282666837419.0,1409981,1409981.0,25122957,282668247400.0,771576243060200.0
19/06/2020,55.77,55.76,56.34,56.42,55.76,0.57,1.02,49500726,319980097681.0,989619,989619.0,50490345,319981087300.0,764938917963600.0
18/06/2020,55.88,55.87,55.77,55.92,55.49,-0.11,-0.2,12931717,432179680559.0,15534041,15534041.0,28465758,432195214600.0,753771923176150.0
17/06/2020,56.08,56.08,55.88,56.56,55.64,-0.2,-0.35,20272610,192437927300.0,822800,822800.0,21095410,192438750100.0,754808947522850.0
16/06/2020,55.54,55.59,56.08,56.22,55.59,0.54,0.96,21277025,317195315708.0,2520692,2520692.0,23797717,317197836400.0,759903174076350.0
15/06/2020,55.66,55.92,55.54,56.27,55.35,-0.12,-0.22,33938426,439146295906.0,7550194,7550194.0,41488620,439153846100.0,744254066793500.0
12/06/2020,55.94,55.83,55.66,55.83,54.94,-0.28,-0.5,42964634,416640667725.0,7056675,7056675.0,50021309,416647724400.0,756634424459650.0
11/06/2020,57.3,57.33,55.94,57.48,55.7,-1.36,-2.37,57305311,668191206543.0,7499057,7499057.0,64804368,668198705600.0,759588182971250.0
10/06/2020,57.29,57.3,57.3,57.4,56.67,0.01,0.02,35765235,606395305873.0,9416827,9416827.0,45182062,606404722700.0,785778970580600.0
09/06/2020,57.3,57.3,57.29,57.52,57.02,-0.01,-0.01,37470264,477653402241.0,1160689,1160689.0,38630953,477654562930.0,784204483131750.0
08/06/2020,56.43,56.46,57.3,57.4,56.46,0.87,1.54,45241550,632661999477.0,9057223,9057223.0,54298773,632671056700.0,790280629642300.0
