Ngày,Mở cửa,Đóng cửa,Thay đổi,% Thay đổi,Khối lượng GD Khớp lệnh,Giá trị GD Khớp lệnh,Khối lượng GD Thỏa thuận,Giá trị GD Thoả thuận,Tổng khối lượng GD,Tổng giá trị GD
11/06/2021,17.0,18.85,0.9,5.01,33800.0,630000000.0,0.0,0.0,3380.0,625100000.0
10/06/2021,17.7,17.95,-0.7,-3.75,20800.0,370000000.0,0.0,0.0,2080.0,371930000.0
09/06/2021,17.5,18.65,0.15,0.81,26700.0,480000000.0,0.0,0.0,2670.0,479330000.0
08/06/2021,21.1,18.5,-1.25,-6.33,90400.0,1870000000.0,0.0,0.0,9040.0,1868640000.0
07/06/2021,19.75,19.75,1.25,6.76,30900.0,610000000.0,0.0,0.0,3090.0,610280000.0
04/06/2021,18.5,18.5,1.2,6.94,33700.0,620000000.0,0.0,0.0,3370.0,623450000.0
03/06/2021,16.7,17.3,1.1,6.79,52100.0,890000000.0,0.0,0.0,5210.0,891630000.0
02/06/2021,16.6,16.2,-0.4,-2.41,10400.0,170000000.0,0.0,0.0,1040.0,172330000.0
01/06/2021,16.7,16.6,-0.1,-0.6,7100.0,120000000.0,0.0,0.0,710.0,117170000.0
31/05/2021,16.9,16.7,0.4,2.45,18900.0,310000000.0,0.0,0.0,1890.0,311510000.0
28/05/2021,16.3,16.3,0.0,0.0,37500.0,610000000.0,0.0,0.0,3750.0,606600000.0
27/05/2021,16.6,16.3,-0.3,-1.81,10000.0,160000000.0,0.0,0.0,1000.0,164620000.0
26/05/2021,16.8,16.6,-0.2,-1.19,28500.0,480000000.0,0.0,0.0,2850.0,476090000.0
25/05/2021,17.05,16.8,-0.25,-1.47,22300.0,380000000.0,0.0,0.0,2230.0,381000000.0
24/05/2021,17.2,17.05,-0.15,-0.87,17100.0,290000000.0,0.0,0.0,1710.0,294420000.0
21/05/2021,16.8,17.2,-0.2,-1.15,11500.0,200000000.0,0.0,0.0,1150.0,195480000.0
20/05/2021,17.2,17.4,-0.6,-3.33,15500.0,270000000.0,0.0,0.0,1550.0,270000000.0
19/05/2021,18.35,17.8,0.0,0.0,16100.0,290000000.0,0.0,0.0,1270.0,287330000.0
18/05/2021,17.85,17.8,-0.2,-1.11,28900.0,520000000.0,0.0,0.0,2890.0,517860000.0
17/05/2021,17.8,18.0,-0.4,-2.17,23300.0,420000000.0,0.0,0.0,2330.0,420900000.0
14/05/2021,18.6,18.4,0.25,1.38,19100.0,350000000.0,0.0,0.0,1910.0,352320000.0
13/05/2021,18.0,18.15,-0.35,-1.89,6300.0,110000000.0,0.0,0.0,630.0,114750000.0
12/05/2021,18.0,18.5,0.5,2.78,9900.0,180000000.0,0.0,0.0,990.0,183480000.0
11/05/2021,17.5,18.0,-0.5,-2.7,26300.0,470000000.0,0.0,0.0,2630.0,472420000.0
10/05/2021,18.0,18.5,-0.3,-1.6,24900.0,450000000.0,0.0,0.0,2490.0,452690000.0
07/05/2021,19.25,18.8,-1.05,-5.29,47400.0,900000000.0,0.0,0.0,4740.0,900710000.0
06/05/2021,19.75,19.85,-0.8,-3.87,21900.0,440000000.0,0.0,0.0,2190.0,436430000.0
05/05/2021,20.8,20.65,-0.05,-0.24,53100.0,1090000000.0,0.0,0.0,5310.0,1092370000.0
04/05/2021,20.8,20.7,-0.1,-0.48,44900.0,900000000.0,0.0,0.0,4490.0,900420000.0
29/04/2021,20.7,20.8,1.35,6.94,122600.0,2540000000.0,0.0,0.0,12260.0,2537300000.0
28/04/2021,18.2,19.45,1.25,6.87,33500.0,630000000.0,0.0,0.0,3350.0,629670000.0
27/04/2021,18.8,18.2,-0.6,-3.19,45300.0,810000000.0,0.0,0.0,4530.0,809490000.0
26/04/2021,18.0,18.8,-0.3,-1.57,101000.0,1820000000.0,0.0,0.0,10100.0,1822710000.0
23/04/2021,19.0,19.1,-1.05,-5.21,111900.0,2100000000.0,0.0,0.0,11190.0,2100400000.0
22/04/2021,20.15,20.15,-1.5,-6.93,131900.0,2670000000.0,0.0,0.0,13190.0,2665290000.0
20/04/2021,21.65,21.65,-1.6,-6.88,144600.0,3160000000.0,0.0,0.0,14460.0,3160850000.0
19/04/2021,23.25,23.25,-1.75,-7.0,124900.0,2940000000.0,0.0,0.0,12490.0,2939390000.0
16/04/2021,26.3,25.0,0.4,1.63,152400.0,3730000000.0,0.0,0.0,15240.0,3725680000.0
15/04/2021,24.6,24.6,1.6,6.96,290900.0,7150000000.0,0.0,0.0,29090.0,7151830000.0
14/04/2021,20.0,23.0,1.5,6.98,209400.0,4240000000.0,0.0,0.0,20940.0,4239160000.0
13/04/2021,21.5,21.5,-1.6,-6.93,15900.0,340000000.0,0.0,0.0,1590.0,341850000.0
12/04/2021,23.1,23.1,-1.7,-6.85,38100.0,880000000.0,0.0,0.0,3810.0,880110000.0
09/04/2021,24.8,24.8,-1.85,-6.94,22100.0,550000000.0,0.0,0.0,2210.0,548080000.0
08/04/2021,30.65,26.65,-2.0,-6.98,304900.0,8740000000.0,0.0,0.0,30490.0,8738260000.0
07/04/2021,28.65,28.65,1.85,6.9,34200.0,980000000.0,0.0,0.0,3420.0,979830000.0
06/04/2021,26.8,26.8,1.75,6.99,72800.0,1950000000.0,0.0,0.0,7280.0,1951040000.0
05/04/2021,25.05,25.05,1.6,6.82,25300.0,630000000.0,0.0,0.0,2530.0,633770000.0
02/04/2021,23.45,23.45,1.5,6.83,105700.0,2480000000.0,0.0,0.0,10570.0,2478670000.0
01/04/2021,21.95,21.95,1.4,6.81,42600.0,940000000.0,0.0,0.0,4260.0,935070000.0
31/03/2021,20.55,20.55,1.3,6.75,61000.0,1250000000.0,0.0,0.0,6100.0,1253550000.0
30/03/2021,19.25,19.25,1.25,6.94,17300.0,330000000.0,0.0,0.0,1730.0,333030000.0
29/03/2021,18.0,18.0,1.15,6.82,11100.0,200000000.0,0.0,0.0,1070.0,199800000.0
26/03/2021,14.65,16.85,1.1,6.98,409400.0,6120000000.0,0.0,0.0,40940.0,6118070000.0
25/03/2021,15.75,15.75,-1.15,-6.8,15800.0,250000000.0,0.0,0.0,1580.0,248850000.0
24/03/2021,16.9,16.9,-1.25,-6.89,5600.0,90000000.0,0.0,0.0,560.0,94640000.0
23/03/2021,18.15,18.15,-1.35,-6.92,3900.0,70000000.0,0.0,0.0,390.0,70790000.0
22/03/2021,19.5,19.5,-1.45,-6.92,3300.0,60000000.0,0.0,0.0,330.0,64350000.00000001
19/03/2021,20.95,20.95,-1.55,-6.89,15200.0,320000000.0,0.0,0.0,1520.0,318440000.0
18/03/2021,22.5,22.5,-1.65,-6.83,5300.0,120000000.0,0.0,0.0,530.0,119250000.0
17/03/2021,24.15,24.15,-1.8,-6.94,2800.0,70000000.0,0.0,0.0,280.0,67620000.0
16/03/2021,25.95,25.95,-1.95,-6.99,4300.0,110000000.0,0.0,0.0,410.0,111590000.0
15/03/2021,29.95,27.9,-2.05,-6.84,7200.0,200000000.0,0.0,0.0,720.0,200880000.0
12/03/2021,32.2,29.95,-2.25,-6.99,900.0,30000000.0,0.0,0.0,90.0,26960000.0
11/03/2021,34.6,32.2,-2.4,-6.94,1700.0,50000000.0,0.0,0.0,170.0,54740000.0
10/03/2021,37.2,34.6,-2.6,-6.99,800.0,30000000.0,0.0,0.0,80.0,27680000.0
09/03/2021,39.95,37.2,-2.75,-6.88,2200.0,80000000.0,0.0,0.0,220.0,83220000.0
08/03/2021,39.95,39.95,-3.0,-6.98,1400.0,60000000.0,0.0,0.0,140.0,55930000.0
05/03/2021,49.35,42.95,-3.2,-6.93,302200.0,14330000000.0,0.0,0.0,30220.0,14333420000.0
04/03/2021,46.15,46.15,3.0,6.95,44200.0,2040000000.0,0.0,0.0,4420.0,2039829999.9999998
03/03/2021,43.15,43.15,2.8,6.94,89300.0,3850000000.0,0.0,0.0,8930.0,3853300000.0
02/03/2021,40.35,40.35,2.6,6.89,35300.0,1420000000.0,0.0,0.0,3530.0,1424360000.0
01/03/2021,37.75,37.75,2.45,6.94,96300.0,3640000000.0,25330.0,832090000.0,9630.0,4467420000.0
26/02/2021,35.3,35.3,2.3,6.97,267500.0,9440000000.0,0.0,0.0,26750.0,9437630000.0
25/02/2021,33.0,33.0,2.15,6.97,20500.0,680000000.0,0.0,0.0,2050.0,676500000.0
24/02/2021,30.85,30.85,2.0,6.93,25100.0,770000000.0,0.0,0.0,2510.0,774340000.0
23/02/2021,28.85,28.85,1.85,6.85,119000.0,3430000000.0,0.0,0.0,11900.0,3433150000.0
22/02/2021,27.0,27.0,1.75,6.93,50400.0,1360000000.0,0.0,0.0,5040.0,1360800000.0
19/02/2021,25.25,25.25,1.65,6.99,184200.0,4650000000.0,0.0,0.0,18420.0,4649770000.0
18/02/2021,23.6,23.6,1.5,6.79,18200.0,430000000.0,0.0,0.0,1820.0,429520000.0
17/02/2021,22.1,22.1,1.4,6.76,22400.0,500000000.0,0.0,0.0,2240.0,495040000.0
09/02/2021,20.7,20.7,1.35,6.98,85100.0,1750000000.0,0.0,0.0,8510.0,1745420000.0
08/02/2021,19.35,19.35,1.25,6.91,11400.0,220000000.0,0.0,0.0,1140.0,220590000.0
05/02/2021,18.1,18.1,1.15,6.78,220.0,0.0,0.0,0.0,220.0,0.0
04/02/2021,16.95,16.95,1.1,6.94,16600.0,280000000.0,0.0,0.0,1660.0,281370000.0
03/02/2021,15.85,15.85,1.0,6.73,3200.0,50000000.0,0.0,0.0,320.0,50720000.0
02/02/2021,14.85,14.85,0.95,6.83,27100.0,400000000.0,0.0,0.0,2710.0,402440000.0
01/02/2021,13.9,13.9,0.9,6.92,30200.0,420000000.0,0.0,0.0,3020.0,419780000.0
29/01/2021,13.0,13.0,0.85,7.0,31500.0,410000000.0,0.0,0.0,3150.0,410000000.0
28/01/2021,12.15,12.15,0.75,6.58,63400.0,760000000.0,0.0,0.0,6340.0,764870000.0
27/01/2021,11.4,11.4,0.7,6.54,128900.0,1470000000.0,0.0,0.0,12890.0,1469380000.0
26/01/2021,10.7,10.7,0.7,7.0,38600.0,410000000.0,0.0,0.0,3860.0,413020000.0
25/01/2021,10.0,10.0,0.63,6.72,6600.0,70000000.0,0.0,0.0,660.0,66000000.0
22/01/2021,9.33,9.37,0.61,6.96,108400.0,1020000000.0,0.0,0.0,10840.0,1015690000.0
21/01/2021,8.75,8.76,0.57,6.96,11800.0,100000000.0,0.0,0.0,1180.0,103330000.0
20/01/2021,8.19,8.19,0.53,6.92,2200.0,20000000.0,0.0,0.0,220.0,18020000.0
19/01/2021,7.66,7.66,0.5,6.98,67900.0,520000000.0,0.0,0.0,6790.0,520109999.99999994
18/01/2021,7.16,7.16,0.46,6.87,1300.0,10000000.0,0.0,0.0,130.0,9310000.0
15/01/2021,6.7,6.7,0.43,6.86,38100.0,260000000.0,0.0,0.0,3810.0,255270000.0
14/01/2021,6.27,6.27,0.41,7.0,16500.0,100000000.0,0.0,0.0,1650.0,103460000.0
13/01/2021,5.86,5.86,0.38,6.93,14300.0,80000000.0,0.0,0.0,1430.0,83800000.0
12/01/2021,5.47,5.48,0.35,6.82,48600.0,270000000.0,0.0,0.0,4860.0,266280000.00000003
11/01/2021,4.8,5.13,0.33,6.88,16900.0,90000000.0,0.0,0.0,1690.0,86380000.0
08/01/2021,4.7,4.8,0.1,2.13,2000.0,10000000.0,0.0,0.0,200.0,9610000.0
07/01/2021,4.8,4.7,-0.1,-2.08,2800.0,10000000.0,0.0,0.0,280.0,13570000.0
06/01/2021,4.63,4.8,-0.15,-3.03,6900.0,30000000.0,0.0,0.0,690.0,33600000.0
05/01/2021,5.3,4.95,-0.35,-6.6,4400.0,20000000.0,0.0,0.0,440.0,21960000.0
04/01/2021,4.8,5.3,0.3,6.0,14000.0,70000000.0,0.0,0.0,1400.0,67720000.0
31/12/2020,4.79,5.0,0.3,6.38,4980.0,20000000.0,0.0,0.0,4980.0,24300000.0
30/12/2020,4.5,4.7,0.2,4.44,38140.0,180000000.0,0.0,0.0,38140.0,178120000.0
29/12/2020,4.36,4.5,0.14,3.21,3370.0,20000000.0,0.0,0.0,3370.0,15130000.0
28/12/2020,4.56,4.36,-0.2,-4.39,340.0,0.0,0.0,0.0,340.0,1510000.0
25/12/2020,4.58,4.56,0.06,1.33,14260.0,70000000.0,0.0,0.0,14260.0,65010000.0
24/12/2020,4.5,4.5,0.0,0.0,5270.0,20000000.0,0.0,0.0,5270.0,23450000.0
23/12/2020,4.3,4.5,0.29,6.89,12230.0,50000000.0,0.0,0.0,12230.0,53520000.0
22/12/2020,4.4,4.21,-0.19,-4.32,4920.0,20000000.0,0.0,0.0,4920.0,21000000.0
21/12/2020,4.4,4.4,0.0,0.0,9500.0,40000000.0,0.0,0.0,9500.0,41340000.0
18/12/2020,4.4,4.4,0.0,0.0,32020.0,130000000.0,0.0,0.0,32020.0,134560000.0
17/12/2020,4.4,4.4,0.0,0.0,3130.0,10000000.0,0.0,0.0,3130.0,13770000.0
16/12/2020,4.4,4.4,0.0,0.0,3040.0,10000000.0,0.0,0.0,3040.0,12980000.0
15/12/2020,4.4,4.4,0.0,0.0,2850.0,10000000.0,0.0,0.0,2850.0,12090000.0
14/12/2020,4.35,4.4,0.05,1.15,1720.0,10000000.0,0.0,0.0,1720.0,7560000.0
11/12/2020,4.2,4.35,0.15,3.57,2010.0,10000000.0,0.0,0.0,2010.0,8560000.0
10/12/2020,4.35,4.2,-0.15,-3.45,330.0,0.0,0.0,0.0,330.0,1430000.0
09/12/2020,4.35,4.35,0.0,0.0,7000.0,30000000.0,0.0,0.0,0.0,30450000.0
08/12/2020,4.46,4.35,-0.11,-2.47,2440.0,10000000.0,0.0,0.0,2440.0,10620000.0
07/12/2020,4.4,4.46,0.06,1.36,30.0,0.0,0.0,0.0,30.0,129999.99999999999
04/12/2020,4.47,4.4,-0.07,-1.57,610.0,0.0,0.0,0.0,610.0,2640000.0
03/12/2020,4.4,4.47,0.07,1.59,290.0,0.0,0.0,0.0,290.0,1290000.0
02/12/2020,4.25,4.4,0.15,3.53,25360.0,110000000.0,0.0,0.0,25360.0,107110000.0
01/12/2020,4.4,4.25,-0.15,-3.41,1400.0,10000000.0,0.0,0.0,1400.0,5950000.0
30/11/2020,4.4,4.4,0.0,0.0,1780.0,10000000.0,0.0,0.0,1780.0,7830000.0
27/11/2020,4.19,4.4,0.21,5.01,7130.0,30000000.0,0.0,0.0,7140.0,30320000.0
26/11/2020,4.49,4.19,-0.3,-6.68,3860.0,20000000.0,0.0,0.0,3860.0,16690000.0
25/11/2020,4.49,4.49,0.0,0.0,0.0,0.0,0.0,0.0,0.0,0.0
24/11/2020,4.23,4.49,0.26,6.15,1330.0,10000000.0,0.0,0.0,1330.0,5790000.0
23/11/2020,4.45,4.23,-0.22,-4.94,8080.0,40000000.0,0.0,0.0,8080.0,35260000.0
20/11/2020,4.45,4.45,0.0,0.0,3210.0,10000000.0,0.0,0.0,3210.0,14210000.0
19/11/2020,4.41,4.45,0.04,0.91,3580.0,20000000.0,0.0,0.0,3580.0,15930000.0
18/11/2020,4.7,4.41,-0.29,-6.17,1030.0,0.0,0.0,0.0,1030.0,4640000.0
17/11/2020,4.4,4.7,0.3,6.82,240.0,0.0,0.0,0.0,240.0,1080000.0
16/11/2020,4.65,4.4,-0.25,-5.38,6290.0,30000000.0,0.0,0.0,6290.0,29160000.0
13/11/2020,4.35,4.65,0.3,6.9,840.0,0.0,0.0,0.0,840.0,3890000.0
12/11/2020,4.4,4.35,-0.05,-1.14,100.0,0.0,0.0,0.0,100.0,0.0
11/11/2020,4.5,4.4,-0.1,-2.22,2700.0,10000000.0,0.0,0.0,2700.0,12000000.0
10/11/2020,4.8,4.5,-0.3,-6.25,1460.0,10000000.0,0.0,0.0,1460.0,6830000.0
09/11/2020,4.98,4.8,-0.18,-3.61,300.0,0.0,0.0,0.0,300.0,1420000.0
06/11/2020,4.98,4.98,0.0,0.0,0.0,0.0,0.0,0.0,0.0,0.0
05/11/2020,4.66,4.98,0.32,6.87,1660.0,10000000.0,0.0,0.0,1660.0,7660000.0
04/11/2020,5.01,4.66,-0.35,-6.99,400.0,0.0,0.0,0.0,400.0,1860000.0
03/11/2020,5.35,5.35,0.0,0.0,10.0,0.0,0.0,0.0,0.0,50000.0
02/11/2020,5.41,5.35,-0.06,-1.11,3690.0,20000000.0,0.0,0.0,3690.0,19140000.0
30/10/2020,5.09,5.41,0.32,6.29,1220.0,10000000.0,0.0,0.0,1220.0,5890000.0
29/10/2020,5.09,5.09,0.0,0.0,0.0,0.0,0.0,0.0,0.0,0.0
28/10/2020,4.78,5.09,0.31,6.49,2020.0,10000000.0,0.0,0.0,2020.0,9030000.0
27/10/2020,4.17,4.78,0.3,6.7,1390.0,10000000.0,0.0,0.0,1390.0,5930000.0
26/10/2020,4.48,4.48,0.0,0.0,0.0,0.0,0.0,0.0,0.0,0.0
23/10/2020,4.48,4.48,0.0,0.0,20.0,0.0,0.0,0.0,20.0,90000.0
22/10/2020,4.48,4.48,0.0,0.0,0.0,0.0,0.0,0.0,0.0,0.0
21/10/2020,4.81,4.48,-0.33,-6.86,210.0,0.0,0.0,0.0,210.0,940000.0
20/10/2020,4.5,4.81,0.31,6.89,520.0,0.0,0.0,0.0,520.0,2500000.0
19/10/2020,4.5,4.5,0.0,0.0,0.0,0.0,0.0,0.0,0.0,0.0
16/10/2020,4.5,4.5,0.0,0.0,0.0,0.0,0.0,0.0,0.0,0.0
15/10/2020,4.41,4.5,0.09,2.04,1000.0,0.0,0.0,0.0,1000.0,4500000.0
14/10/2020,4.41,4.41,0.0,0.0,0.0,0.0,0.0,0.0,0.0,0.0
13/10/2020,4.7,4.41,-0.29,-6.17,90.0,0.0,0.0,0.0,90.0,400000.0
12/10/2020,4.7,4.7,0.0,0.0,1150.0,10000000.0,0.0,0.0,1150.0,5410000.0
09/10/2020,4.81,4.7,-0.11,-2.29,1110.0,10000000.0,0.0,0.0,1110.0,5220000.0
08/10/2020,5.13,4.81,-0.32,-6.24,3040.0,10000000.0,0.0,0.0,3040.0,14610000.0
07/10/2020,5.0,5.13,0.13,2.6,11860.0,60000000.0,0.0,0.0,11860.0,58900000.0
06/10/2020,4.7,5.0,0.3,6.38,1380.0,10000000.0,0.0,0.0,1380.0,6240000.0
05/10/2020,4.7,4.7,0.0,0.0,0.0,0.0,0.0,0.0,0.0,0.0
02/10/2020,4.7,4.7,0.0,0.0,0.0,0.0,0.0,0.0,0.0,0.0
01/10/2020,4.88,4.7,-0.18,-3.69,210.0,0.0,0.0,0.0,210.0,990000.0
30/09/2020,4.88,4.88,0.0,0.0,0.0,0.0,0.0,0.0,0.0,0.0
29/09/2020,4.88,4.88,0.0,0.0,0.0,0.0,0.0,0.0,0.0,0.0
28/09/2020,4.88,4.88,0.0,0.0,0.0,0.0,0.0,0.0,0.0,0.0
25/09/2020,4.88,4.88,0.0,0.0,0.0,0.0,0.0,0.0,0.0,0.0
24/09/2020,4.57,4.88,0.31,6.78,560.0,0.0,0.0,0.0,560.0,2470000.0
23/09/2020,4.91,4.57,-0.34,-6.92,270.0,0.0,0.0,0.0,270.0,1230000.0
22/09/2020,4.91,4.91,0.0,0.0,0.0,0.0,0.0,0.0,0.0,0.0
21/09/2020,4.91,4.91,0.0,0.0,500.0,0.0,0.0,0.0,500.0,2460000.0
18/09/2020,5.15,4.91,-0.24,-4.66,100.0,0.0,0.0,0.0,100.0,490000.0
17/09/2020,5.0,5.15,0.15,3.0,1500.0,10000000.0,0.0,0.0,1500.0,7580000.0
16/09/2020,5.0,5.0,0.0,0.0,830.0,0.0,0.0,0.0,830.0,4150000.0
15/09/2020,4.98,5.0,0.02,0.4,510.0,0.0,0.0,0.0,510.0,2550000.0
14/09/2020,4.98,4.98,0.0,0.0,340.0,0.0,0.0,0.0,340.0,1690000.0
11/09/2020,5.0,4.98,-0.02,-0.4,1750.0,10000000.0,0.0,0.0,1750.0,8720000.0
10/09/2020,4.9,5.0,0.1,2.04,6890.0,30000000.0,0.0,0.0,6890.0,34580000.0
09/09/2020,5.0,4.9,-0.1,-2.0,20.0,0.0,0.0,0.0,20.0,100000.0
08/09/2020,5.33,5.0,-0.34,-6.37,940.0,0.0,0.0,0.0,940.0,4840000.0
07/09/2020,4.7,5.34,0.34,6.8,480.0,0.0,0.0,0.0,480.0,2290000.0
04/09/2020,4.91,5.0,0.09,1.83,1400.0,10000000.0,0.0,0.0,1400.0,6880000.0
03/09/2020,4.91,4.91,0.32,6.97,9710.0,50000000.0,0.0,0.0,9710.0,47680000.0
01/09/2020,4.02,4.59,0.3,6.99,1550.0,10000000.0,0.0,0.0,1550.0,6890000.0
31/08/2020,4.6,4.29,-0.31,-6.74,630.0,0.0,0.0,0.0,630.0,2860000.0
28/08/2020,4.3,4.6,0.3,6.98,1350.0,10000000.0,0.0,0.0,1350.0,6140000.0
27/08/2020,4.3,4.3,0.0,0.0,790.0,0.0,0.0,0.0,790.0,3400000.0
26/08/2020,4.3,4.3,-0.05,-1.15,3320.0,10000000.0,0.0,0.0,3320.0,14280000.0
25/08/2020,4.58,4.35,-0.23,-5.02,1930.0,10000000.0,0.0,0.0,1930.0,8370000.000000001
24/08/2020,4.33,4.58,0.25,5.77,140.0,0.0,0.0,0.0,140.0,610000.0
21/08/2020,4.37,4.33,0.22,5.35,13180.0,50000000.0,0.0,0.0,13180.0,51620000.0
20/08/2020,4.4,4.11,-0.29,-6.59,790.0,0.0,0.0,0.0,790.0,3370000.0
19/08/2020,4.14,4.4,0.26,6.28,210.0,0.0,0.0,0.0,210.0,920000.0
18/08/2020,4.45,4.14,-0.31,-6.97,9010.0,40000000.0,0.0,0.0,9010.0,38550000.0
17/08/2020,4.2,4.45,0.25,5.95,1590.0,10000000.0,0.0,0.0,1590.0,6640000.0
14/08/2020,4.45,4.2,-0.25,-5.62,700.0,0.0,0.0,0.0,700.0,2960000.0
13/08/2020,4.45,4.45,0.0,0.0,1850.0,10000000.0,0.0,0.0,1850.0,8229999.999999999
12/08/2020,4.71,4.45,-0.26,-5.52,1210.0,10000000.0,0.0,0.0,1210.0,5380000.0
11/08/2020,5.05,4.71,-0.34,-6.73,3520.0,20000000.0,0.0,0.0,3520.0,16590000.0
10/08/2020,5.43,5.05,-0.38,-7.0,540.0,0.0,0.0,0.0,540.0,2730000.0
07/08/2020,5.48,5.43,-0.05,-0.91,630.0,0.0,0.0,0.0,630.0,3230000.0
06/08/2020,5.48,5.48,0.0,0.0,1120.0,10000000.0,0.0,0.0,1120.0,5720000.0
05/08/2020,5.24,5.48,0.24,4.58,2850.0,20000000.0,0.0,0.0,2850.0,15110000.0
04/08/2020,4.99,5.24,0.25,5.01,3390.0,20000000.0,0.0,0.0,3390.0,16289999.999999998
03/08/2020,5.34,4.99,-0.35,-6.55,1050.0,10000000.0,0.0,0.0,1050.0,5000000.0
31/07/2020,5.34,5.34,0.0,0.0,900.0,0.0,0.0,0.0,900.0,4500000.0
30/07/2020,5.05,5.34,0.29,5.74,3340.0,20000000.0,0.0,0.0,3340.0,15810000.000000002
29/07/2020,5.4,5.05,-0.35,-6.48,1210.0,10000000.0,0.0,0.0,1210.0,6090000.0
28/07/2020,5.4,5.4,0.0,0.0,0.0,0.0,0.0,0.0,0.0,0.0
27/07/2020,4.72,5.4,0.33,6.51,2100.0,10000000.0,0.0,0.0,2100.0,9950000.0
24/07/2020,5.83,5.07,-0.38,-6.97,3370.0,20000000.0,0.0,0.0,3370.0,17650000.0
23/07/2020,5.53,5.45,0.28,5.42,6530.0,40000000.0,0.0,0.0,6530.0,35000000.0
22/07/2020,5.17,5.17,0.33,6.82,2330.0,10000000.0,0.0,0.0,2330.0,12050000.0
21/07/2020,4.84,4.84,0.31,6.84,2080.0,10000000.0,0.0,0.0,2080.0,10070000.0
20/07/2020,4.53,4.53,0.29,6.84,2520.0,10000000.0,0.0,0.0,2520.0,11410000.0
17/07/2020,3.97,4.24,0.27,6.8,1180.0,0.0,0.0,0.0,1180.0,4990000.0
16/07/2020,3.97,3.97,0.0,0.0,0.0,0.0,0.0,0.0,0.0,0.0
15/07/2020,3.93,3.97,0.04,1.02,10.0,0.0,0.0,0.0,10.0,40000.0
14/07/2020,4.2,3.93,-0.27,-6.43,100.0,0.0,0.0,0.0,100.0,390000.0
13/07/2020,4.2,4.2,0.0,0.0,0.0,0.0,0.0,0.0,0.0,0.0
10/07/2020,4.5,4.2,-0.3,-6.67,1690.0,10000000.0,0.0,0.0,1690.0,7100000.0
09/07/2020,4.48,4.5,0.02,0.45,620.0,0.0,0.0,0.0,620.0,2790000.0
08/07/2020,4.2,4.48,0.28,6.67,1550.0,10000000.0,0.0,0.0,1550.0,6840000.0
07/07/2020,4.5,4.2,-0.3,-6.67,1000.0,0.0,0.0,0.0,1000.0,4200000.0
06/07/2020,4.5,4.5,-0.03,-0.66,50.0,0.0,0.0,0.0,50.0,230000.0
03/07/2020,4.84,4.84,0.0,0.0,340.0,0.0,0.0,0.0,0.0,2000000.0
02/07/2020,4.84,4.84,0.0,0.0,210.0,0.0,0.0,0.0,210.0,1000000.0
01/07/2020,5.2,4.84,-0.36,-6.92,840.0,0.0,0.0,0.0,840.0,4070000.0
30/06/2020,5.2,5.2,0.0,0.0,0.0,0.0,0.0,0.0,0.0,0.0
29/06/2020,5.29,5.2,-0.09,-1.7,330.0,0.0,0.0,0.0,330.0,1650000.0
26/06/2020,5.33,5.29,-0.04,-0.75,600.0,0.0,0.0,0.0,600.0,3040000.0
25/06/2020,5.0,5.33,0.33,6.6,130.0,0.0,0.0,0.0,130.0,690000.0
24/06/2020,5.0,5.0,0.0,0.0,1880.0,10000000.0,0.0,0.0,1880.0,9700000.0
23/06/2020,4.85,5.0,0.15,3.09,870.0,0.0,0.0,0.0,870.0,4320000.0
22/06/2020,4.55,4.85,0.3,6.59,800.0,0.0,0.0,0.0,800.0,3830000.0
19/06/2020,4.89,4.55,-0.34,-6.95,2850.0,10000000.0,0.0,0.0,2850.0,13030000.0
18/06/2020,4.71,4.89,0.18,3.82,220.0,0.0,0.0,0.0,220.0,1090000.0
17/06/2020,5.0,4.71,-0.29,-5.8,1410.0,10000000.0,0.0,0.0,1410.0,6580000.0
16/06/2020,4.42,5.0,0.25,5.26,220.0,0.0,0.0,0.0,220.0,980000.0
15/06/2020,4.77,4.75,-0.02,-0.42,230.0,0.0,0.0,0.0,230.0,1090000.0
12/06/2020,4.72,4.77,0.05,1.06,540.0,0.0,0.0,0.0,540.0,2570000.0
11/06/2020,4.72,4.72,0.0,0.0,2570.0,10000000.0,0.0,0.0,2570.0,12130000.0
10/06/2020,4.78,4.72,0.24,5.36,7010.0,30000000.0,0.0,0.0,7010.0,30990000.0
09/06/2020,4.2,4.48,0.28,6.67,1620.0,10000000.0,0.0,0.0,1620.0,7170000.0
08/06/2020,3.94,4.2,0.26,6.6,480.0,0.0,0.0,0.0,480.0,2010000.0
05/06/2020,3.94,3.94,0.0,0.0,0.0,0.0,0.0,0.0,0.0,0.0
04/06/2020,4.23,3.94,-0.29,-6.86,210.0,0.0,0.0,0.0,210.0,830000.0
03/06/2020,4.23,4.23,0.0,0.0,0.0,0.0,0.0,0.0,0.0,0.0
02/06/2020,4.35,4.23,0.08,1.93,70.0,0.0,0.0,0.0,70.0,290000.0
01/06/2020,4.1,4.15,0.05,1.22,710.0,0.0,0.0,0.0,710.0,3020000.0
29/05/2020,4.06,4.1,0.04,0.99,110.0,0.0,0.0,0.0,110.0,450000.0
28/05/2020,4.35,4.06,-0.29,-6.67,80.0,0.0,0.0,0.0,80.0,320000.0
27/05/2020,4.67,4.35,-0.32,-6.85,300.0,0.0,0.0,0.0,300.0,1310000.0
26/05/2020,4.38,4.67,0.29,6.62,1060.0,0.0,0.0,0.0,1060.0,4000000.0
25/05/2020,4.7,4.38,-0.32,-6.81,420.0,0.0,0.0,0.0,420.0,1840000.0
22/05/2020,4.7,4.7,0.0,0.0,0.0,0.0,0.0,0.0,0.0,0.0
21/05/2020,4.59,4.7,0.11,2.4,60.0,0.0,0.0,0.0,60.0,259999.99999999997
20/05/2020,4.5,4.59,0.09,2.0,100.0,0.0,0.0,0.0,100.0,460000.0
19/05/2020,4.36,4.5,0.14,3.21,10.0,0.0,0.0,0.0,10.0,50000.0
18/05/2020,4.09,4.36,0.27,6.6,530.0,0.0,0.0,0.0,530.0,2300000.0
15/05/2020,4.09,4.09,0.0,0.0,120.0,0.0,0.0,0.0,120.0,490000.0
14/05/2020,4.38,4.09,-0.29,-6.62,400.0,0.0,0.0,0.0,400.0,1670000.0
13/05/2020,4.38,4.38,0.0,0.0,110.0,0.0,0.0,0.0,110.0,480000.0
12/05/2020,4.38,4.38,0.0,0.0,0.0,0.0,0.0,0.0,0.0,0.0
11/05/2020,4.38,4.38,0.0,0.0,100.0,0.0,0.0,0.0,100.0,440000.0
08/05/2020,4.1,4.38,0.28,6.83,100.0,0.0,0.0,0.0,100.0,440000.0
07/05/2020,4.23,4.1,-0.13,-3.07,145570.0,640000000.0,0.0,0.0,145570.0,640420000.0
06/05/2020,4.54,4.23,-0.31,-6.83,2220.0,10000000.0,0.0,0.0,2220.0,9390000.0
05/05/2020,4.88,4.54,-0.34,-6.97,20.0,0.0,0.0,0.0,20.0,90000.0
04/05/2020,4.35,4.88,0.21,4.5,160.0,0.0,0.0,0.0,160.0,700000.0
29/04/2020,4.6,4.67,0.07,1.52,30.0,0.0,0.0,0.0,30.0,0.0
28/04/2020,4.5,4.6,0.1,2.22,50.0,0.0,0.0,0.0,50.0,230000.0
27/04/2020,4.28,4.5,0.22,5.14,2010.0,10000000.0,0.0,0.0,2010.0,8030000.000000001
24/04/2020,4.28,4.28,0.0,0.0,0.0,0.0,0.0,0.0,0.0,0.0
23/04/2020,4.28,4.28,0.0,0.0,0.0,0.0,0.0,0.0,0.0,0.0
22/04/2020,4.28,4.28,0.0,0.0,0.0,0.0,0.0,0.0,0.0,0.0
21/04/2020,4.28,4.28,0.0,0.0,0.0,0.0,0.0,0.0,0.0,0.0
20/04/2020,4.29,4.28,0.27,6.73,120.0,0.0,0.0,0.0,120.0,510000.00000000006
17/04/2020,4.0,4.01,0.01,0.25,110.0,0.0,0.0,0.0,110.0,470000.0
16/04/2020,4.0,4.0,0.0,0.0,0.0,0.0,0.0,0.0,0.0,0.0
15/04/2020,4.0,4.0,0.0,0.0,1060.0,0.0,0.0,0.0,1060.0,4240000.0
14/04/2020,3.8,4.0,0.2,5.26,20.0,0.0,0.0,0.0,20.0,0.0
13/04/2020,3.8,3.8,0.0,0.0,0.0,0.0,0.0,0.0,0.0,0.0
10/04/2020,3.99,3.8,-0.19,-4.76,1500.0,10000000.0,0.0,0.0,1500.0,5720000.0
09/04/2020,3.99,3.99,0.0,0.0,2080.0,10000000.0,0.0,0.0,2080.0,8220000.0
08/04/2020,4.28,3.99,-0.29,-6.78,10.0,0.0,0.0,0.0,10.0,40000.0
07/04/2020,4.27,4.28,0.01,0.23,340.0,0.0,0.0,0.0,340.0,1460000.0
06/04/2020,4.24,4.27,-0.28,-6.15,2110.0,10000000.0,0.0,0.0,2110.0,9030000.0
03/04/2020,4.27,4.55,0.28,6.56,670.0,0.0,0.0,0.0,670.0,2870000.0
01/04/2020,4.59,4.27,-0.32,-6.97,380.0,0.0,0.0,0.0,380.0,1630000.0
31/03/2020,4.33,4.59,0.26,6.0,2300.0,10000000.0,0.0,0.0,2300.0,9290000.0
30/03/2020,4.65,4.33,-0.32,-6.88,520.0,0.0,0.0,0.0,520.0,2260000.0
27/03/2020,4.65,5.3,0.3,6.0,1030.0,0.0,0.0,0.0,1020.0,4800000.0
26/03/2020,4.81,5.0,0.19,3.95,40.0,0.0,0.0,0.0,40.0,200000.0
25/03/2020,4.83,4.81,-0.02,-0.41,60.0,0.0,0.0,0.0,60.0,290000.0
24/03/2020,4.52,4.83,0.31,6.86,1070.0,0.0,0.0,0.0,1070.0,4550000.0
23/03/2020,4.85,4.52,-0.33,-6.8,1010.0,0.0,0.0,0.0,1010.0,4570000.0
20/03/2020,5.21,4.85,-0.36,-6.91,1770.0,10000000.0,0.0,0.0,1770.0,8610000.0
19/03/2020,5.21,5.21,-0.39,-6.96,131150.0,730000000.0,0.0,0.0,131150.0,733990000.0
18/03/2020,5.49,5.6,0.11,2.0,20.0,0.0,0.0,0.0,20.0,0.0
17/03/2020,5.23,5.49,0.26,4.97,680.0,0.0,0.0,0.0,680.0,3730000.0
16/03/2020,4.89,5.23,0.34,6.95,1160.0,10000000.0,0.0,0.0,1160.0,5390000.0
13/03/2020,5.25,4.89,-0.36,-6.86,80.0,0.0,0.0,0.0,80.0,0.0
12/03/2020,5.64,5.25,-0.39,-6.91,150.0,0.0,0.0,0.0,150.0,790000.0
11/03/2020,5.64,5.64,0.0,0.0,0.0,0.0,0.0,0.0,0.0,0.0
10/03/2020,6.06,5.64,-0.42,-6.93,560.0,0.0,0.0,0.0,560.0,3160000.0
09/03/2020,6.06,6.06,0.0,0.0,0.0,0.0,0.0,0.0,0.0,0.0
06/03/2020,6.51,6.06,-0.45,-6.91,330.0,0.0,0.0,0.0,330.0,2000000.0
05/03/2020,6.51,6.51,0.0,0.0,10.0,0.0,0.0,0.0,10.0,70000.0
04/03/2020,7.0,6.51,-0.49,-7.0,100.0,0.0,0.0,0.0,100.0,650000.0
03/03/2020,7.0,7.0,0.0,0.0,0.0,0.0,0.0,0.0,0.0,0.0
02/03/2020,6.33,7.0,0.2,2.94,7080.0,50000000.0,0.0,0.0,7080.0,47900000.0
28/02/2020,6.38,6.8,0.42,6.58,3010.0,20000000.0,0.0,0.0,3010.0,18250000.0
27/02/2020,6.38,6.38,0.0,0.0,0.0,0.0,0.0,0.0,0.0,0.0
26/02/2020,6.38,6.38,0.0,0.0,0.0,0.0,0.0,0.0,0.0,0.0
25/02/2020,6.38,6.38,0.0,0.0,0.0,0.0,0.0,0.0,0.0,0.0
24/02/2020,6.37,6.38,0.01,0.16,2900.0,20000000.0,0.0,0.0,2900.0,17670000.0
21/02/2020,5.97,6.37,0.4,6.7,890.0,10000000.0,0.0,0.0,890.0,5170000.0
20/02/2020,5.58,5.97,0.39,6.99,2090.0,10000000.0,0.0,0.0,2090.0,11310000.0
19/02/2020,6.0,5.58,-0.42,-7.0,2740.0,20000000.0,136000.0,758880000.0,2740.0,774410000.0
18/02/2020,6.0,6.0,0.0,0.0,0.0,0.0,0.0,0.0,0.0,0.0
17/02/2020,6.4,6.0,-0.4,-6.25,1130.0,10000000.0,0.0,0.0,1130.0,6750000.0
14/02/2020,5.99,6.4,0.41,6.84,3200.0,20000000.0,0.0,0.0,3200.0,19340000.0
13/02/2020,5.6,5.99,0.39,6.96,2600.0,20000000.0,0.0,0.0,2600.0,15280000.0
12/02/2020,5.4,5.6,0.2,3.7,200.0,0.0,0.0,0.0,200.0,1140000.0
11/02/2020,5.4,5.4,0.0,0.0,0.0,0.0,0.0,0.0,0.0,0.0
10/02/2020,5.52,5.4,-0.12,-2.17,30.0,0.0,0.0,0.0,30.0,0.0
07/02/2020,5.85,5.52,-0.33,-5.64,10.0,0.0,0.0,0.0,10.0,60000.0
06/02/2020,5.92,5.85,-0.07,-1.18,510.0,0.0,0.0,0.0,510.0,3220000.0
05/02/2020,5.54,5.92,0.38,6.86,5000.0,30000000.0,0.0,0.0,5000.0,29600000.0
04/02/2020,5.18,5.54,0.36,6.95,390.0,0.0,0.0,0.0,390.0,2000000.0
03/02/2020,5.18,5.18,0.0,0.0,0.0,0.0,0.0,0.0,0.0,0.0
31/01/2020,5.18,5.18,0.0,0.0,0.0,0.0,0.0,0.0,0.0,0.0
30/01/2020,5.56,5.18,-0.38,-6.83,10.0,0.0,0.0,0.0,10.0,50000.0
22/01/2020,5.56,5.56,0.0,0.0,0.0,0.0,0.0,0.0,0.0,0.0
21/01/2020,5.97,5.56,-0.41,-6.87,50.0,0.0,0.0,0.0,50.0,280000.0
20/01/2020,5.97,5.97,0.0,0.0,0.0,0.0,0.0,0.0,0.0,0.0
17/01/2020,5.58,5.97,0.39,6.99,2000.0,10000000.0,0.0,0.0,2000.0,11890000.0
16/01/2020,6.0,5.58,-0.42,-7.0,50.0,0.0,0.0,0.0,50.0,280000.0
15/01/2020,5.83,6.0,0.17,2.92,630.0,0.0,0.0,0.0,630.0,3700000.0
14/01/2020,5.83,5.83,0.0,0.0,0.0,0.0,0.0,0.0,0.0,0.0
13/01/2020,5.83,5.83,0.0,0.0,0.0,0.0,0.0,0.0,0.0,0.0
10/01/2020,5.83,5.83,0.0,0.0,190.0,0.0,0.0,0.0,190.0,1000000.0
09/01/2020,5.5,5.83,0.33,6.0,2300.0,10000000.0,0.0,0.0,2300.0,13350000.0
08/01/2020,5.24,5.5,0.26,4.96,2000.0,10000000.0,0.0,0.0,2000.0,10980000.0
07/01/2020,4.9,5.24,0.34,6.94,600.0,0.0,0.0,0.0,600.0,3140000.0
06/01/2020,4.9,4.9,0.0,0.0,10.0,0.0,0.0,0.0,0.0,0.0
03/01/2020,5.25,5.25,0.0,0.0,10.0,0.0,0.0,0.0,0.0,50000.0
02/01/2020,4.92,5.25,0.33,6.71,10.0,0.0,0.0,0.0,10.0,50000.0
31/12/2019,4.92,4.92,-0.36,-6.82,960.0,0.0,0.0,0.0,960.0,4720000.0
30/12/2019,4.96,5.28,0.32,6.45,10.0,0.0,0.0,0.0,10.0,50000.0
27/12/2019,5.33,4.96,-0.37,-6.94,680.0,0.0,0.0,0.0,680.0,3370000.0
26/12/2019,5.09,5.33,0.24,4.72,310.0,0.0,0.0,0.0,310.0,1650000.0
25/12/2019,4.76,5.09,0.33,6.93,6310.0,30000000.0,0.0,0.0,6310.0,31469999.999999996
24/12/2019,5.0,4.76,-0.24,-4.8,130.0,0.0,0.0,0.0,130.0,620000.0
23/12/2019,5.0,5.0,0.0,0.0,0.0,0.0,0.0,0.0,0.0,0.0
20/12/2019,5.0,5.0,0.0,0.0,0.0,0.0,0.0,0.0,0.0,0.0
19/12/2019,5.36,5.0,-0.36,-6.72,40.0,0.0,0.0,0.0,40.0,200000.0
18/12/2019,5.36,5.36,0.0,0.0,70.0,0.0,0.0,0.0,70.0,380000.0
17/12/2019,5.36,5.36,0.0,0.0,70.0,0.0,0.0,0.0,70.0,380000.0
16/12/2019,5.01,5.36,0.35,6.99,370.0,0.0,0.0,0.0,370.0,1980000.0
13/12/2019,4.69,5.01,0.32,6.82,50.0,0.0,0.0,0.0,50.0,250000.0
12/12/2019,5.03,4.69,-0.34,-6.76,10.0,0.0,0.0,0.0,10.0,50000.0
11/12/2019,5.4,5.03,-0.37,-6.85,20.0,0.0,0.0,0.0,20.0,100000.0
10/12/2019,5.15,5.4,0.25,4.85,20.0,0.0,0.0,0.0,20.0,110000.0
09/12/2019,4.82,5.15,0.33,6.85,190.0,0.0,0.0,0.0,190.0,980000.0
06/12/2019,5.18,4.82,-0.36,-6.95,90.0,0.0,0.0,0.0,90.0,460000.0
05/12/2019,5.56,5.18,-0.38,-6.83,240.0,0.0,22000.0,130679999.99999999,240.0,131929999.99999999
04/12/2019,5.97,5.56,-0.41,-6.87,70.0,0.0,0.0,0.0,70.0,390000.0
03/12/2019,5.63,5.97,0.34,6.04,320.0,0.0,0.0,0.0,320.0,1680000.0
02/12/2019,5.63,5.63,0.0,0.0,0.0,0.0,0.0,0.0,0.0,0.0
29/11/2019,5.28,5.63,0.35,6.63,310.0,0.0,0.0,0.0,310.0,1530000.0
28/11/2019,5.66,5.28,-0.38,-6.71,100.0,0.0,0.0,0.0,100.0,530000.0
27/11/2019,5.66,5.66,0.0,0.0,0.0,0.0,0.0,0.0,0.0,0.0
26/11/2019,5.66,5.66,-0.42,-6.91,2130.0,10000000.0,0.0,0.0,2130.0,12060000.0
25/11/2019,6.08,6.08,0.0,0.0,0.0,0.0,0.0,0.0,0.0,0.0
22/11/2019,6.08,6.08,0.0,0.0,0.0,0.0,0.0,0.0,0.0,0.0
21/11/2019,5.86,6.08,0.22,3.75,50.0,0.0,0.0,0.0,50.0,300000.0
20/11/2019,5.5,5.86,0.36,6.55,1130.0,10000000.0,0.0,0.0,1130.0,5800000.0
19/11/2019,5.89,5.5,-0.39,-6.62,300.0,0.0,0.0,0.0,300.0,1690000.0
18/11/2019,5.95,5.89,-0.06,-1.01,10.0,0.0,0.0,0.0,10.0,60000.0
15/11/2019,5.95,5.95,0.0,0.0,0.0,0.0,0.0,0.0,0.0,0.0
14/11/2019,5.58,5.95,0.37,6.63,10.0,0.0,0.0,0.0,10.0,60000.0
13/11/2019,5.99,5.58,-0.41,-6.84,1150.0,10000000.0,0.0,0.0,1150.0,6420000.0
12/11/2019,5.85,5.99,0.14,2.39,220.0,0.0,0.0,0.0,220.0,1220000.0
11/11/2019,6.28,5.85,-0.43,-6.85,20.0,0.0,0.0,0.0,20.0,120000.0
08/11/2019,5.91,6.28,0.37,6.26,1320.0,10000000.0,0.0,0.0,1320.0,7350000.0
07/11/2019,6.35,5.91,-0.44,-6.93,120.0,0.0,0.0,0.0,120.0,710000.0
06/11/2019,6.35,6.35,0.0,0.0,0.0,0.0,0.0,0.0,0.0,0.0
05/11/2019,6.35,6.35,0.0,0.0,0.0,0.0,0.0,0.0,0.0,0.0
04/11/2019,6.36,6.35,-0.01,-0.16,320.0,0.0,0.0,0.0,320.0,1910000.0
01/11/2019,5.99,6.36,0.37,6.18,80.0,0.0,0.0,0.0,80.0,480000.0
31/10/2019,5.33,5.99,0.26,4.54,3720.0,20000000.0,0.0,0.0,3720.0,19860000.0
30/10/2019,5.73,5.73,-0.43,-6.98,1150.0,10000000.0,0.0,0.0,1150.0,6590000.0
29/10/2019,6.16,6.16,0.0,0.0,0.0,0.0,0.0,0.0,0.0,0.0
28/10/2019,6.16,6.16,-0.46,-6.95,600.0,0.0,0.0,0.0,600.0,3700000.0
25/10/2019,7.11,6.62,-0.49,-6.89,200.0,0.0,0.0,0.0,200.0,1320000.0
24/10/2019,7.11,7.11,0.0,0.0,0.0,0.0,0.0,0.0,0.0,0.0
23/10/2019,7.11,7.11,0.0,0.0,0.0,0.0,0.0,0.0,0.0,0.0
22/10/2019,7.11,7.11,0.0,0.0,0.0,0.0,0.0,0.0,0.0,0.0
21/10/2019,6.65,7.11,0.46,6.92,10.0,0.0,0.0,0.0,10.0,70000.0
18/10/2019,7.15,6.65,-0.5,-6.99,70.0,0.0,0.0,0.0,70.0,470000.0
17/10/2019,7.15,7.15,0.0,0.0,0.0,0.0,0.0,0.0,0.0,0.0
16/10/2019,7.15,7.15,0.0,0.0,0.0,0.0,0.0,0.0,0.0,0.0
15/10/2019,6.7,7.15,0.45,6.72,10.0,0.0,0.0,0.0,10.0,70000.0
14/10/2019,6.7,6.7,0.0,0.0,0.0,0.0,0.0,0.0,0.0,0.0
11/10/2019,6.7,6.7,0.0,0.0,0.0,0.0,0.0,0.0,0.0,0.0
10/10/2019,6.7,6.7,0.0,0.0,0.0,0.0,0.0,0.0,0.0,0.0
09/10/2019,7.2,6.7,-0.5,-6.94,68480.0,520000000.0,0.0,0.0,68480.0,517499999.99999994
08/10/2019,7.2,7.2,0.4,5.88,36000.0,260000000.0,0.0,0.0,36000.0,259200000.0
07/10/2019,6.4,6.8,0.4,6.25,37310.0,250000000.0,0.0,0.0,37310.0,253680000.00000003
04/10/2019,6.04,6.4,0.36,5.96,500.0,0.0,0.0,0.0,500.0,3200000.0
03/10/2019,6.49,6.04,-0.45,-6.93,70.0,0.0,0.0,0.0,70.0,420000.0
02/10/2019,6.49,6.49,0.0,0.0,0.0,0.0,0.0,0.0,0.0,0.0
01/10/2019,6.49,6.49,0.0,0.0,0.0,0.0,0.0,0.0,0.0,0.0
30/09/2019,6.1,6.49,0.39,6.39,20.0,0.0,0.0,0.0,20.0,129999.99999999999
27/09/2019,6.5,6.1,-0.4,-6.15,340.0,0.0,0.0,0.0,340.0,2060000.0000000002
26/09/2019,6.24,6.5,0.26,4.17,200.0,0.0,0.0,0.0,200.0,1280000.0
25/09/2019,5.84,6.24,0.4,6.85,700.0,0.0,0.0,0.0,700.0,4360000.0
24/09/2019,5.46,5.84,0.38,6.96,470.0,0.0,0.0,0.0,470.0,2740000.0
23/09/2019,5.11,5.46,0.35,6.85,20.0,0.0,0.0,0.0,20.0,100000.0
20/09/2019,5.48,5.11,-0.37,-6.75,330.0,0.0,0.0,0.0,330.0,2000000.0
19/09/2019,5.89,5.48,-0.41,-6.96,10.0,0.0,0.0,0.0,10.0,50000.0
18/09/2019,5.89,5.89,0.0,0.0,40.0,0.0,0.0,0.0,40.0,240000.0
17/09/2019,5.89,5.89,0.0,0.0,10.0,0.0,0.0,0.0,10.0,60000.0
16/09/2019,5.58,5.89,0.31,5.56,650.0,0.0,0.0,0.0,650.0,3630000.0
13/09/2019,4.87,5.58,0.36,6.9,670.0,0.0,0.0,0.0,670.0,3680000.0
12/09/2019,5.61,5.22,-0.39,-6.95,1940.0,10000000.0,0.0,0.0,1940.0,10130000.0
11/09/2019,6.03,5.61,-0.42,-6.97,70.0,0.0,0.0,0.0,70.0,420000.0
10/09/2019,6.03,6.03,0.0,0.0,0.0,0.0,0.0,0.0,0.0,0.0
09/09/2019,6.48,6.03,-0.45,-6.94,40.0,0.0,0.0,0.0,40.0,240000.0
06/09/2019,6.48,6.48,0.0,0.0,0.0,0.0,0.0,0.0,0.0,0.0
05/09/2019,6.06,6.48,0.42,6.93,40.0,0.0,0.0,0.0,40.0,259999.99999999997
04/09/2019,6.06,6.06,0.0,0.0,0.0,0.0,0.0,0.0,0.0,0.0
03/09/2019,6.07,6.06,-0.45,-6.91,240.0,0.0,0.0,0.0,240.0,1450000.0
30/08/2019,7.0,6.51,-0.49,-7.0,30.0,0.0,0.0,0.0,30.0,200000.0
29/08/2019,6.51,7.0,0.0,0.0,80.0,0.0,0.0,0.0,80.0,560000.0
28/08/2019,7.1,7.0,-0.1,-1.41,1900.0,10000000.0,0.0,0.0,1900.0,13300000.0
27/08/2019,6.71,7.1,0.39,5.81,130.0,0.0,0.0,0.0,130.0,900000.0
26/08/2019,6.28,6.71,0.43,6.85,1410.0,10000000.0,0.0,0.0,1410.0,9460000.0
23/08/2019,6.28,6.28,0.41,6.98,2780.0,20000000.0,0.0,0.0,2780.0,17460000.0
22/08/2019,5.49,5.87,0.38,6.92,40.0,0.0,0.0,0.0,40.0,230000.0
21/08/2019,5.14,5.49,0.35,6.81,220.0,0.0,0.0,0.0,220.0,1210000.0
20/08/2019,4.81,5.14,0.33,6.86,620.0,0.0,0.0,0.0,620.0,3190000.0
19/08/2019,4.5,4.81,0.31,6.89,140.0,0.0,0.0,0.0,140.0,670000.0
16/08/2019,4.68,4.5,-0.18,-3.85,310.0,0.0,0.0,0.0,310.0,1390000.0
15/08/2019,5.0,4.68,-0.32,-6.4,40.0,0.0,0.0,0.0,40.0,190000.0
14/08/2019,5.35,5.0,-0.35,-6.54,50.0,0.0,0.0,0.0,50.0,250000.0
13/08/2019,5.0,5.35,0.35,7.0,250.0,0.0,0.0,0.0,250.0,1240000.0
12/08/2019,5.37,5.0,-0.37,-6.89,130.0,0.0,0.0,0.0,130.0,720000.0
09/08/2019,5.37,5.37,0.0,0.0,0.0,0.0,0.0,0.0,0.0,0.0
08/08/2019,5.37,5.37,0.0,0.0,0.0,0.0,0.0,0.0,0.0,0.0
07/08/2019,5.37,5.37,0.0,0.0,0.0,0.0,0.0,0.0,0.0,0.0
06/08/2019,5.02,5.37,0.35,6.97,1140.0,10000000.0,0.0,0.0,1140.0,6120000.0
05/08/2019,4.7,5.02,0.32,6.81,10.0,0.0,0.0,0.0,10.0,50000.0
02/08/2019,5.04,4.7,-0.34,-6.75,100.0,0.0,20000.0,107800000.0,100.0,108270000.0
01/08/2019,5.4,5.04,-0.36,-6.67,30.0,0.0,0.0,0.0,30.0,150000.0
31/07/2019,5.4,5.4,0.0,0.0,0.0,0.0,0.0,0.0,0.0,0.0
30/07/2019,5.8,5.4,-0.4,-6.9,50.0,0.0,0.0,0.0,50.0,270000.0
29/07/2019,5.8,5.8,0.0,0.0,0.0,0.0,0.0,0.0,0.0,0.0
26/07/2019,6.1,5.8,-0.3,-4.92,660.0,0.0,0.0,0.0,660.0,3830000.0
25/07/2019,6.4,6.1,-0.3,-4.69,1030.0,10000000.0,0.0,0.0,1030.0,6280000.0
24/07/2019,6.84,6.4,-0.44,-6.43,670.0,0.0,0.0,0.0,670.0,4290000.0
23/07/2019,6.4,6.84,0.44,6.88,20.0,0.0,0.0,0.0,20.0,129999.99999999999
22/07/2019,6.8,6.4,-0.4,-5.88,1040.0,10000000.0,0.0,0.0,1040.0,6660000.0
19/07/2019,7.0,6.8,-0.2,-2.86,470.0,0.0,0.0,0.0,470.0,3290000.0
18/07/2019,7.1,7.0,-0.1,-1.41,7150.0,50000000.0,0.0,0.0,7150.0,50020000.0
17/07/2019,7.1,7.1,0.0,0.0,0.0,0.0,0.0,0.0,0.0,0.0
16/07/2019,7.0,7.1,0.1,1.43,90.0,0.0,0.0,0.0,90.0,640000.0
15/07/2019,7.0,7.0,0.0,0.0,0.0,0.0,0.0,0.0,0.0,0.0
12/07/2019,7.0,7.0,0.0,0.0,10.0,0.0,0.0,0.0,10.0,70000.0
11/07/2019,7.0,7.0,0.0,0.0,0.0,0.0,0.0,0.0,0.0,0.0
10/07/2019,7.0,7.0,0.0,0.0,0.0,0.0,0.0,0.0,0.0,0.0
09/07/2019,7.1,7.0,-0.1,-1.41,50.0,0.0,0.0,0.0,50.0,350000.0
08/07/2019,7.1,7.1,0.0,0.0,0.0,0.0,0.0,0.0,0.0,0.0
05/07/2019,7.1,7.1,0.0,0.0,0.0,0.0,0.0,0.0,0.0,0.0
04/07/2019,6.9,7.1,0.2,2.9,140.0,0.0,0.0,0.0,140.0,980000.0
03/07/2019,6.48,6.9,0.42,6.48,200.0,0.0,0.0,0.0,200.0,1380000.0
02/07/2019,6.96,6.48,-0.48,-6.9,20.0,0.0,0.0,0.0,20.0,129999.99999999999
01/07/2019,6.51,6.96,0.45,6.91,100.0,0.0,0.0,0.0,100.0,700000.0
28/06/2019,7.0,6.51,-0.49,-7.0,1120.0,10000000.0,0.0,0.0,1120.0,7290000.0
27/06/2019,7.0,7.0,0.0,0.0,0.0,0.0,0.0,0.0,0.0,0.0
26/06/2019,7.0,7.0,0.0,0.0,70.0,0.0,0.0,0.0,70.0,470000.0
25/06/2019,7.0,7.0,0.0,0.0,30.0,0.0,0.0,0.0,30.0,210000.0
24/06/2019,6.51,7.0,0.0,0.0,370.0,0.0,0.0,0.0,370.0,2410000.0
21/06/2019,7.26,7.0,-0.26,-3.58,690.0,0.0,0.0,0.0,690.0,4790000.0
20/06/2019,7.8,7.26,-0.54,-6.92,10.0,0.0,0.0,0.0,10.0,70000.0
19/06/2019,7.48,7.8,0.32,4.28,400.0,0.0,0.0,0.0,400.0,3090000.0
18/06/2019,7.06,7.48,0.42,5.95,600.0,0.0,0.0,0.0,600.0,4410000.0
17/06/2019,6.6,7.06,0.46,6.97,960.0,10000000.0,0.0,0.0,960.0,6770000.0
14/06/2019,6.2,6.6,0.4,6.45,260.0,0.0,0.0,0.0,260.0,1720000.0
13/06/2019,6.0,6.2,0.4,6.9,360.0,0.0,0.0,0.0,360.0,2200000.0
12/06/2019,5.43,5.8,0.37,6.81,380.0,0.0,0.0,0.0,380.0,2200000.0
11/06/2019,5.08,5.43,0.35,6.89,60.0,0.0,0.0,0.0,60.0,330000.0
10/06/2019,5.08,5.08,0.33,6.95,110.0,0.0,0.0,0.0,110.0,560000.0
07/06/2019,4.44,4.75,0.31,6.98,200.0,0.0,0.0,0.0,200.0,950000.0
06/06/2019,4.6,4.44,-0.16,-3.48,70.0,0.0,0.0,0.0,70.0,330000.0
05/06/2019,4.63,4.33,-0.3,-6.48,80.0,0.0,0.0,0.0,10.0,370000.0
04/06/2019,4.64,4.63,-0.01,-0.22,100.0,0.0,0.0,0.0,100.0,490000.0
03/06/2019,4.92,4.64,-0.28,-5.69,70.0,0.0,0.0,0.0,70.0,360000.0
31/05/2019,4.92,4.92,0.32,6.96,200.0,0.0,0.0,0.0,200.0,980000.0
30/05/2019,4.3,4.6,0.3,6.98,310.0,0.0,0.0,0.0,310.0,1430000.0
29/05/2019,4.02,4.3,0.28,6.97,10.0,0.0,0.0,0.0,10.0,40000.0
28/05/2019,4.28,4.02,-0.26,-6.07,20.0,0.0,0.0,0.0,20.0,90000.0
27/05/2019,4.2,4.28,0.28,7.0,220.0,0.0,0.0,0.0,220.0,930000.0
24/05/2019,4.2,4.0,-0.2,-4.76,120.0,0.0,0.0,0.0,120.0,480000.0
23/05/2019,4.21,4.2,-0.01,-0.24,40.0,0.0,0.0,0.0,40.0,0.0
22/05/2019,4.21,4.21,0.0,0.0,0.0,0.0,0.0,0.0,0.0,0.0
21/05/2019,4.47,4.21,-0.26,-5.82,40.0,0.0,0.0,0.0,40.0,170000.0
20/05/2019,4.48,4.47,-0.01,-0.22,10.0,0.0,0.0,0.0,10.0,40000.0
17/05/2019,4.79,4.48,-0.31,-6.47,290.0,0.0,0.0,0.0,290.0,1000000.0
16/05/2019,5.14,4.79,-0.35,-6.81,10.0,0.0,0.0,0.0,10.0,50000.0
15/05/2019,4.81,5.14,0.33,6.86,270.0,0.0,0.0,0.0,270.0,1390000.0
14/05/2019,5.05,4.81,-0.24,-4.75,10.0,0.0,0.0,0.0,10.0,50000.0
13/05/2019,5.05,5.05,0.0,0.0,0.0,0.0,0.0,0.0,0.0,0.0
10/05/2019,4.72,5.05,0.33,6.99,80.0,0.0,0.0,0.0,80.0,400000.0
09/05/2019,4.42,4.72,0.3,6.79,380.0,0.0,0.0,0.0,380.0,1790000.0
08/05/2019,4.69,4.42,-0.27,-5.76,1350.0,10000000.0,0.0,0.0,1350.0,6760000.0
07/05/2019,5.04,4.69,-0.35,-6.94,10.0,0.0,0.0,0.0,10.0,50000.0
06/05/2019,5.4,5.04,-0.36,-6.67,10.0,0.0,0.0,0.0,10.0,50000.0
03/05/2019,5.4,5.4,0.0,0.0,0.0,0.0,0.0,0.0,0.0,0.0
02/05/2019,5.4,5.4,0.0,0.0,0.0,0.0,0.0,0.0,0.0,0.0
